,assault_count_true_value,assault_count_pred_value,assault_count_pred_delta,auto_theft_count_true_value,auto_theft_count_pred_value,auto_theft_count_pred_delta,bicycle_theft_count_true_value,bicycle_theft_count_pred_value,bicycle_theft_count_pred_delta,break_and_enter_count_true_value,break_and_enter_count_pred_value,break_and_enter_count_pred_delta,robbery_count_true_value,robbery_count_pred_value,robbery_count_pred_delta,theft_from_motor_vehicle_count_true_value,theft_from_motor_vehicle_count_pred_value,theft_from_motor_vehicle_count_pred_delta,occ_dow,occ_month,max_temperature,min_temperature,max_relative_humidity,avg_relative_humidity,avg_pressure_sea,max_wind_speed,precipitation,rain,snow,snow_on_ground,daylight,avg_cloud_cover_8,assault_count,auto_theft_count,bicycle_theft_count,break_and_enter_count,homicide_count,robbery_count,shooting_count,theft_from_motor_vehicle_count,theft_over_count,unix_timestamp
0,60,51,9,6,11,-5,16,15,1,16,22,-6,3,5,-2,20,26,-6,Thursday,January,-1.9,-8.1,69,60.0,101.27,36,0.0,0.0,0.0,0.0,9.0,4.5,158,7,5,21,0,8,0,34,5,1420070400
1,43,36,7,7,11,-4,1,1,0,19,21,-2,6,10,-4,20,26,-6,Friday,January,-1.0,-6.1,83,66.0,102.3,36,0.6,0.0,0.4,0.0,9.0,6.0,34,9,4,18,0,6,0,34,2,1420156800
2,49,31,18,16,4,12,3,4,-1,15,16,-1,9,6,3,20,19,1,Saturday,January,1.5,-5.8,97,82.5,101.96,29,10.8,8.0,2.4,0.0,9.0,5.0,37,10,0,4,0,8,0,21,3,1420243200
3,47,48,-1,6,10,-4,14,16,-2,18,18,0,7,8,-1,16,24,-8,Sunday,January,4.3,-5.9,98,82.5,100.69,43,6.8,6.4,0.4,0.0,9.02,6.0,44,5,1,11,0,5,0,33,1,1420329600
4,38,46,-8,12,13,-1,3,4,-1,26,19,7,11,5,6,16,16,0,Monday,January,-5.8,-14.4,83,69.5,102.38,45,0.8,0.0,0.8,1.0,9.05,3.5,39,6,1,24,0,5,1,31,2,1420416000
5,47,42,5,9,9,0,18,17,1,15,17,-2,7,9,-2,19,22,-3,Tuesday,January,-8.3,-13.6,80,69.5,102.03,32,0.4,0.0,0.4,1.0,9.07,4.5,18,6,2,19,0,10,0,26,2,1420502400
6,38,39,-1,11,8,3,10,16,-6,25,21,4,13,7,6,22,18,4,Wednesday,January,-9.4,-18.3,84,65.5,102.05,39,0.4,0.0,0.4,1.0,9.08,4.0,28,6,1,17,0,4,0,14,1,1420588800
7,50,36,14,13,9,4,2,5,-3,25,23,2,6,9,-3,16,17,-1,Thursday,January,-9.4,-16.9,85,70.5,101.72,41,1.2,0.0,1.2,1.0,9.1,5.0,27,4,1,12,0,6,0,25,2,1420675200
8,33,39,-6,6,8,-2,10,12,-2,11,20,-9,12,9,3,20,25,-5,Friday,January,-6.4,-13.9,84,73.5,101.38,46,1.6,0.0,1.6,2.0,9.12,4.0,36,4,4,21,0,3,0,19,0,1420761600
9,38,38,0,10,11,-1,10,10,0,15,20,-5,10,6,4,28,19,9,Saturday,January,-10.0,-15.8,74,66.0,102.67,44,0.0,0.0,0.0,4.0,9.13,4.0,37,4,1,19,1,1,0,27,0,1420848000
10,61,52,9,3,11,-8,9,16,-7,9,15,-6,10,6,4,20,21,-1,Sunday,January,-0.2,-10.8,77,64.0,102.77,26,0.0,0.0,0.4,2.0,9.18,5.0,46,6,3,9,0,6,0,33,0,1420934400
11,55,37,18,11,10,1,14,16,-2,22,16,6,13,7,6,19,21,-2,Monday,January,-0.6,-17.1,92,78.0,103.03,39,1.0,0.0,1.4,3.0,9.2,4.0,38,5,5,18,0,9,0,36,3,1421020800
12,40,32,8,11,9,2,3,4,-1,14,17,-3,11,7,4,24,21,3,Tuesday,January,-11.5,-21.2,79,59.0,104.02,28,0.0,0.0,0.0,3.0,9.23,3.5,24,5,4,16,0,9,0,18,2,1421107200
13,33,44,-11,10,8,2,14,17,-3,13,18,-5,7,6,1,16,24,-8,Wednesday,January,-4.2,-16.4,87,67.0,102.93,15,0.0,0.0,0.0,2.0,9.25,3.5,31,8,0,19,0,9,0,29,2,1421193600
14,48,36,12,6,10,-4,1,2,-1,27,19,8,6,9,-3,25,25,0,Thursday,January,-3.0,-13.6,82,70.5,101.64,33,0.0,0.0,0.0,2.0,9.27,4.5,26,13,0,17,0,8,0,25,0,1421280000
15,46,35,11,8,8,0,4,1,3,24,22,2,7,8,-1,23,26,-3,Friday,January,-1.6,-15.9,89,72.0,101.75,41,0.0,0.0,0.0,2.0,9.3,4.0,37,6,1,22,0,10,0,30,4,1421366400
16,51,46,5,10,9,1,15,12,3,15,20,-5,6,6,0,20,22,-2,Saturday,January,4.0,-15.4,86,75.5,101.59,26,0.4,0.0,0.6,2.0,9.33,5.5,47,7,3,13,1,10,0,29,0,1421452800
17,41,44,-3,12,8,4,0,0,0,12,18,-6,10,9,1,19,25,-6,Sunday,January,6.2,-0.3,91,75.0,100.57,31,0.4,0.4,0.0,1.0,9.37,7.5,41,13,1,18,0,5,0,32,0,1421539200
18,40,34,6,8,10,-2,5,5,0,22,23,-1,8,9,-1,24,24,0,Monday,January,0.3,-9.3,81,70.5,101.25,33,0.2,0.0,0.2,0.0,9.4,4.5,32,1,4,29,0,3,0,19,1,1421625600
19,27,32,-5,10,5,5,2,0,2,28,10,18,15,4,11,33,21,12,Tuesday,January,-6.4,-12.9,80,60.0,101.83,19,0.0,0.0,0.0,0.0,9.42,4.0,28,3,0,10,0,8,0,26,1,1421712000
20,46,35,11,11,10,1,9,3,6,19,15,4,10,7,3,23,21,2,Wednesday,January,-3.0,-13.7,79,75.0,102.08,18,0.0,0.0,0.0,0.0,9.47,4.0,27,6,1,14,0,7,0,19,1,1421798400
21,42,42,0,4,6,-2,10,5,5,19,14,5,9,1,8,22,17,5,Thursday,January,0.6,-9.1,85,69.5,102.6,24,0.0,0.0,0.0,0.0,9.5,4.0,36,7,2,24,0,10,1,17,0,1421884800
22,51,37,14,13,9,4,14,9,5,15,20,-5,7,10,-3,32,24,8,Friday,January,1.4,-6.2,87,73.0,101.85,33,0.0,0.0,0.0,0.0,9.53,4.0,34,9,4,16,0,11,0,36,3,1421971200
23,45,42,3,11,8,3,2,1,1,17,20,-3,3,5,-2,19,22,-3,Saturday,January,0.6,-6.2,91,82.0,100.32,36,0.0,0.0,0.0,0.0,9.57,7.5,49,8,3,20,0,5,0,26,1,1422057600
24,49,51,-2,9,5,4,8,15,-7,10,17,-7,6,6,0,23,23,0,Sunday,January,-3.0,-12.6,78,58.0,101.08,36,0.0,0.0,0.0,0.0,9.6,4.0,34,5,1,12,0,10,1,27,1,1422144000
25,49,42,7,11,7,4,17,10,7,18,15,3,10,6,4,18,23,-5,Monday,January,-7.7,-13.7,73,57.5,101.72,24,0.0,0.0,0.0,0.0,9.63,6.0,29,3,5,17,0,5,0,14,1,1422230400
26,59,46,13,9,8,1,6,2,4,21,14,7,11,8,3,22,16,6,Tuesday,January,-6.2,-12.5,80,58.0,101.95,26,0.4,0.0,0.6,0.0,9.67,4.0,29,5,0,16,0,7,1,19,0,1422316800
27,42,43,-1,14,8,6,11,7,4,27,19,8,6,7,-1,29,27,2,Wednesday,January,-1.1,-13.4,81,54.5,102.51,25,0.0,0.0,0.0,0.0,9.72,4.0,31,3,0,9,0,6,0,11,2,1422403200
28,46,36,10,11,6,5,4,4,0,13,15,-2,12,8,4,18,21,-3,Thursday,January,0.0,-7.1,94,69.0,101.58,31,6.4,0.4,5.4,0.0,9.75,5.5,34,7,0,10,0,3,0,11,2,1422489600
29,34,44,-10,9,10,-1,20,18,2,18,25,-7,6,7,-1,33,29,4,Friday,January,-1.6,-17.0,79,67.0,102.1,53,0.0,0.0,0.0,5.0,9.8,4.5,36,6,0,7,0,3,0,18,0,1422576000
30,40,50,-10,8,9,-1,13,15,-2,14,15,-1,7,5,2,21,20,1,Saturday,January,-2.9,-17.8,84,73.0,102.56,27,0.0,0.0,0.0,4.0,9.83,5.5,46,5,3,20,0,7,2,13,1,1422662400
31,34,52,-18,14,10,4,11,13,-2,25,22,3,8,10,-2,25,26,-1,Sunday,February,-2.8,-14.2,85,72.5,101.89,31,6.6,0.0,6.6,3.0,9.87,7.5,49,5,2,17,0,4,0,27,5,1422748800
32,34,35,-1,8,11,-3,4,4,0,23,18,5,9,4,5,28,24,4,Monday,February,-11.1,-16.8,83,73.0,101.37,37,5.6,0.0,6.2,13.0,9.92,4.0,34,9,1,8,0,5,0,17,1,1422835200
33,36,33,3,6,4,2,0,3,-3,19,13,6,4,5,-1,28,19,9,Tuesday,February,-5.6,-16.0,89,74.5,102.08,39,0.8,0.0,1.0,14.0,9.95,6.0,34,5,0,12,0,6,0,15,0,1422921600
34,60,48,12,10,8,2,10,13,-3,19,16,3,6,8,-2,25,20,5,Wednesday,February,-1.4,-9.8,93,84.5,101.61,32,0.8,0.0,0.8,14.0,10.0,6.0,33,3,1,16,1,5,0,25,4,1423008000
35,50,49,1,6,10,-4,4,3,1,16,16,0,9,9,0,27,23,4,Thursday,February,-9.4,-15.2,75,61.0,102.44,30,0.0,0.0,0.0,14.0,10.05,4.5,39,10,1,21,0,3,0,26,0,1423094400
36,45,38,7,13,12,1,6,13,-7,30,23,7,7,12,-5,16,24,-8,Friday,February,-4.6,-13.3,84,73.0,101.96,39,0.6,0.0,0.6,14.0,10.08,5.5,44,11,1,17,0,4,0,29,1,1423180800
37,41,48,-7,10,6,4,2,3,-1,14,11,3,4,6,-2,17,30,-13,Saturday,February,-2.4,-8.4,93,84.0,101.58,28,5.4,0.0,5.6,13.0,10.12,5.0,31,13,0,12,0,4,0,17,1,1423267200
38,53,49,4,9,10,-1,8,8,0,18,17,1,8,3,5,27,27,0,Sunday,February,-8.2,-13.2,90,84.5,101.44,25,0.0,0.0,3.0,17.0,10.17,8.0,49,3,1,19,0,2,0,24,1,1423353600
39,35,42,-7,11,8,3,14,16,-2,22,21,1,10,8,2,16,22,-6,Monday,February,-10.4,-13.3,79,76.0,102.07,24,0.0,0.0,0.0,18.0,10.22,7.5,40,3,0,12,0,4,0,19,3,1423440000
40,34,32,2,6,6,0,0,0,0,9,8,1,7,2,5,26,17,9,Tuesday,February,-4.9,-10.4,83,74.0,102.5,18,0.0,0.0,0.0,17.0,10.25,5.5,27,10,0,23,0,4,0,33,1,1423526400
41,40,48,-8,8,6,2,9,16,-7,20,20,0,4,6,-2,15,20,-5,Wednesday,February,-2.1,-9.4,91,82.0,101.6,25,1.2,0.0,1.8,13.0,10.3,6.0,31,7,2,10,0,3,0,31,1,1423612800
42,40,36,4,13,12,1,1,1,0,16,25,-9,4,10,-6,14,26,-12,Thursday,February,-2.7,-19.0,83,69.0,101.74,39,0.0,0.0,0.0,13.0,10.35,4.0,37,5,0,11,0,5,0,31,2,1423699200
43,42,47,-5,11,8,3,14,18,-4,23,18,5,7,8,-1,17,21,-4,Friday,February,-9.9,-22.8,83,70.0,101.94,27,0.2,0.0,0.2,13.0,10.4,4.0,21,12,2,20,0,3,0,31,4,1423785600
44,37,45,-8,15,6,9,9,6,3,23,18,5,12,9,3,22,20,2,Saturday,February,-6.9,-20.6,87,71.0,100.92,46,0.4,0.0,0.4,13.0,10.45,4.5,45,9,2,20,0,4,0,36,2,1423872000
45,39,35,4,10,8,2,3,1,2,19,23,-4,7,7,0,24,11,13,Sunday,February,-19.1,-25.5,69,60.5,102.47,50,0.0,0.0,0.0,13.0,10.48,3.0,44,9,0,11,0,6,0,26,1,1423958400
46,39,52,-13,14,12,2,13,14,-1,12,14,-2,7,9,-2,32,26,6,Monday,February,-13.4,-24.4,62,46.0,102.47,25,0.0,0.0,0.0,13.0,10.55,4.0,31,1,0,23,0,4,0,36,2,1424044800
47,28,34,-6,4,5,-1,1,0,1,17,13,4,5,4,1,24,23,1,Tuesday,February,-8.6,-16.5,82,53.5,101.41,22,0.0,0.0,0.0,13.0,10.58,4.5,42,11,0,15,0,6,0,41,2,1424131200
48,54,50,4,8,9,-1,11,12,-1,10,17,-7,7,9,-2,27,25,2,Wednesday,February,-8.6,-14.6,88,71.0,100.93,32,1.4,0.0,2.2,12.0,10.63,7.0,39,7,0,18,0,7,0,32,3,1424217600
49,47,52,-5,9,12,-3,12,13,-1,19,18,1,5,8,-3,34,26,8,Thursday,February,-14.6,-22.1,73,59.0,101.8,35,0.0,0.0,0.0,14.0,10.68,3.0,28,4,1,17,0,5,0,24,2,1424304000
50,51,47,4,12,7,5,16,12,4,14,17,-3,7,9,-2,28,23,5,Friday,February,-13.7,-23.5,65,51.0,102.62,25,0.0,0.0,0.0,14.0,10.73,4.0,29,4,0,21,0,3,0,23,2,1424390400
51,45,36,9,14,8,6,2,0,2,27,18,9,6,6,0,19,18,1,Saturday,February,-7.8,-14.7,87,76.0,101.95,11,8.0,0.0,10.4,14.0,10.77,4.0,34,6,0,9,0,7,0,26,0,1424476800
52,39,46,-7,2,6,-4,13,11,2,15,16,-1,7,9,-2,24,19,5,Sunday,February,-3.3,-16.7,90,75.5,102.58,32,0.2,0.0,0.2,21.0,10.83,4.0,37,4,0,7,0,9,0,21,0,1424563200
53,51,56,-5,10,12,-2,12,13,-1,12,16,-4,7,9,-2,33,31,2,Monday,February,-15.2,-21.6,66,57.5,103.23,33,0.0,0.0,0.0,20.0,10.87,2.5,30,2,0,12,0,5,0,29,0,1424649600
54,41,34,7,8,6,2,5,2,3,17,14,3,5,7,-2,18,20,-2,Tuesday,February,-8.9,-20.1,82,64.5,101.49,39,0.0,0.0,0.0,20.0,10.92,5.5,28,13,0,10,0,5,0,19,0,1424736000
55,52,47,5,7,10,-3,8,13,-5,17,19,-2,8,11,-3,22,27,-5,Wednesday,February,-8.5,-15.9,86,68.0,101.17,32,0.0,0.0,0.0,20.0,10.97,4.0,39,7,0,16,0,4,0,16,2,1424822400
56,47,56,-9,7,15,-8,8,9,-1,26,23,3,4,9,-5,16,25,-9,Thursday,February,-10.3,-17.6,76,59.0,102.37,29,0.0,0.0,0.0,18.0,11.02,4.5,34,9,1,9,0,5,0,15,3,1424908800
57,45,47,-2,12,10,2,21,13,8,20,20,0,8,7,1,30,28,2,Friday,February,-10.0,-20.8,76,64.0,103.31,28,0.0,0.0,0.0,18.0,11.07,3.5,38,5,1,11,0,14,0,28,4,1424995200
58,41,44,-3,8,8,0,0,2,-2,14,16,-2,9,6,3,18,19,-1,Saturday,February,-4.8,-18.7,76,61.0,104.03,18,0.0,0.0,0.0,18.0,11.1,4.0,40,12,1,10,0,12,1,22,1,1425081600
59,34,47,-13,10,9,1,26,15,11,21,19,2,5,7,-2,26,24,2,Sunday,March,-3.6,-11.9,80,72.5,102.88,21,0.0,0.0,0.0,17.0,11.17,7.0,53,11,4,9,0,12,0,21,3,1425168000
60,36,34,2,6,3,3,0,3,-3,7,20,-13,3,3,0,18,26,-8,Monday,March,-2.5,-11.8,81,62.5,102.59,45,0.0,0.0,0.0,16.0,11.22,4.0,40,12,0,13,0,4,0,18,2,1425254400
61,38,49,-11,14,10,4,14,17,-3,14,18,-4,9,9,0,29,29,0,Tuesday,March,0.8,-13.2,96,84.0,101.55,34,6.0,1.4,4.6,15.0,11.25,5.0,26,9,0,15,0,6,0,25,0,1425340800
62,31,41,-10,10,7,3,2,0,2,14,11,3,10,7,3,24,21,3,Wednesday,March,0.3,-10.8,77,67.0,101.37,34,0.0,0.0,0.0,18.0,11.3,7.0,38,5,1,5,0,10,0,21,0,1425427200
63,43,39,4,7,8,-1,2,1,1,15,15,0,10,9,1,20,12,8,Thursday,March,-9.6,-16.8,66,55.0,102.8,41,0.0,0.0,0.0,18.0,11.37,4.0,31,8,4,12,0,8,0,26,2,1425513600
64,36,42,-6,10,13,-3,12,10,2,10,17,-7,5,5,0,32,23,9,Friday,March,-5.3,-18.9,79,64.0,102.77,37,0.0,0.0,0.0,0.0,11.42,4.0,36,6,1,23,0,7,0,20,0,1425600000
65,42,45,-3,8,11,-3,10,12,-2,14,21,-7,6,5,1,19,21,-2,Saturday,March,-0.9,-6.6,88,75.0,101.78,34,0.2,0.0,0.4,16.0,11.45,4.5,31,10,2,14,0,10,0,24,1,1425686400
66,44,41,3,15,8,7,4,3,1,15,15,0,4,11,-7,8,22,-14,Sunday,March,1.9,-5.1,88,67.0,101.83,34,0.0,0.0,0.0,14.0,11.5,4.5,44,6,3,8,0,5,0,31,3,1425772800
67,47,45,2,7,9,-2,17,10,7,9,13,-4,10,6,4,27,20,7,Monday,March,5.6,-3.6,84,66.5,101.97,33,0.0,0.0,0.0,12.0,11.57,3.5,27,10,2,28,0,15,0,33,1,1425859200
68,40,37,3,5,5,0,3,2,1,18,16,2,15,7,8,33,14,19,Tuesday,March,5.3,-1.7,86,76.5,101.78,21,0.0,0.0,0.0,7.0,11.6,4.5,36,7,2,12,0,1,0,33,2,1425945600
69,40,51,-11,9,8,1,5,5,0,14,17,-3,3,9,-6,18,32,-14,Wednesday,March,7.6,-0.3,91,67.5,101.98,39,0.0,0.0,0.0,2.0,11.65,1.5,40,9,3,16,0,10,0,25,0,1426032000
70,38,41,-3,7,11,-4,16,17,-1,13,18,-5,10,7,3,29,22,7,Thursday,March,3.7,-2.6,74,51.0,103.3,24,0.0,0.0,0.0,1.0,11.7,4.0,31,7,2,16,0,6,0,41,1,1426118400
71,46,60,-14,9,11,-2,5,8,-3,16,18,-2,8,5,3,23,25,-2,Friday,March,5.6,-1.6,73,50.5,102.77,20,0.0,0.0,0.0,1.0,11.77,4.5,32,8,1,21,0,6,0,27,2,1426204800
72,43,31,12,6,7,-1,0,0,0,9,13,-4,9,8,1,8,16,-8,Saturday,March,6.2,0.8,97,83.0,101.28,35,0.0,0.0,0.0,0.0,11.82,7.5,52,9,7,12,0,11,0,30,1,1426291200
73,30,33,-3,7,8,-1,1,3,-2,19,25,-6,12,9,3,17,26,-9,Sunday,March,6.6,-0.6,82,66.5,101.54,39,0.0,0.0,0.0,0.0,11.85,5.0,34,6,3,17,0,7,0,26,2,1426377600
74,61,53,8,11,10,1,13,13,0,17,17,0,9,9,0,23,22,1,Monday,March,11.9,0.0,91,73.0,101.31,26,1.6,1.6,0.0,0.0,11.9,7.5,34,3,5,21,0,13,0,21,1,1426464000
75,36,49,-13,8,5,3,5,6,-1,19,13,6,10,5,5,12,25,-13,Tuesday,March,5.5,-4.6,94,61.0,101.27,59,0.4,0.4,0.0,0.0,11.97,4.0,31,8,4,19,0,4,1,21,2,1426550400
76,49,51,-2,9,9,0,14,10,4,21,15,6,6,7,-1,26,23,3,Wednesday,March,3.0,-6.2,60,45.5,102.28,43,0.0,0.0,0.0,0.0,12.02,3.0,36,6,0,19,1,4,0,28,4,1426636800
77,37,39,-2,13,4,9,0,1,-1,12,15,-3,4,2,2,18,16,2,Thursday,March,2.0,-8.0,66,48.0,102.75,18,0.0,0.0,0.0,0.0,12.07,4.0,37,13,2,14,0,9,0,20,1,1426723200
78,45,37,8,9,6,3,2,0,2,20,11,9,4,4,0,36,17,19,Friday,March,8.1,-1.5,76,57.5,102.04,17,0.2,0.2,0.0,0.0,12.1,5.0,40,11,6,14,0,5,0,23,2,1426809600
79,53,38,15,11,6,5,4,0,4,9,6,3,12,6,6,21,22,-1,Saturday,March,6.9,-6.4,93,68.0,101.57,46,2.0,2.0,0.0,0.0,12.17,4.0,47,6,8,14,0,8,1,18,5,1426896000
80,29,40,-11,4,7,-3,2,3,-1,11,20,-9,6,6,0,22,18,4,Sunday,March,-1.8,-10.3,74,54.0,102.43,37,0.2,0.0,0.2,0.0,12.22,3.5,48,7,2,12,0,7,0,26,1,1426982400
81,33,42,-9,9,5,4,6,1,5,23,17,6,9,8,1,12,17,-5,Monday,March,-2.6,-11.3,71,50.5,102.79,25,0.0,0.0,0.0,0.0,12.27,3.5,41,11,5,17,0,5,0,28,1,1427068800
82,49,38,11,6,8,-2,3,2,1,13,13,0,6,7,-1,16,10,6,Tuesday,March,1.7,-10.4,70,52.5,102.88,17,0.0,0.0,0.0,0.0,12.32,3.5,29,8,4,25,0,3,0,23,0,1427155200
83,38,44,-6,12,7,5,9,9,0,10,17,-7,5,7,-2,34,23,11,Wednesday,March,6.6,-4.7,96,73.5,101.89,30,2.9,2.9,0.0,0.0,12.35,4.5,22,5,6,29,0,8,0,20,3,1427241600
84,44,36,8,5,4,1,5,3,2,28,14,14,6,6,0,21,20,1,Thursday,March,5.6,-0.7,91,78.5,101.12,27,0.6,0.6,0.0,0.0,12.42,7.0,29,9,2,13,0,6,0,20,2,1427328000
85,47,48,-1,5,10,-5,12,14,-2,17,18,-1,12,7,5,27,24,3,Friday,March,0.6,-8.2,82,67.5,101.42,37,0.0,0.0,0.0,0.0,12.47,7.0,26,8,1,30,0,9,0,26,1,1427414400
86,40,37,3,9,8,1,9,10,-1,23,21,2,6,6,0,15,23,-8,Saturday,March,-1.1,-11.1,61,43.5,102.23,31,0.0,0.0,0.0,0.0,12.52,4.0,29,18,1,6,0,4,0,16,1,1427500800
87,43,38,5,6,8,-2,6,5,1,34,23,11,13,7,6,21,21,0,Sunday,March,6.0,-9.4,83,56.0,101.69,36,0.2,0.2,0.0,0.0,12.57,4.0,40,3,1,11,0,2,0,25,0,1427587200
88,38,37,1,9,9,0,1,1,0,21,22,-1,3,7,-4,14,18,-4,Monday,March,7.9,-2.7,87,67.5,100.76,50,0.0,0.0,0.0,0.0,12.62,4.0,31,4,0,19,0,6,1,25,3,1427673600
89,54,39,15,5,10,-5,15,16,-1,19,22,-3,8,7,1,26,23,3,Tuesday,March,7.2,-4.1,83,61.5,101.28,26,0.0,0.0,0.0,0.0,12.67,4.0,46,8,5,19,0,7,0,12,2,1427760000
90,49,60,-11,5,10,-5,10,6,4,25,13,12,8,10,-2,18,32,-14,Wednesday,April,6.8,-3.7,64,43.5,101.92,18,0.0,0.0,0.0,0.0,12.72,3.5,51,14,7,18,0,7,0,36,6,1427846400
91,37,46,-9,8,12,-4,8,10,-2,24,16,8,13,10,3,23,27,-4,Thursday,April,18.2,1.7,92,63.5,101.16,39,4.0,4.0,0.0,0.0,12.77,6.0,44,9,6,31,0,7,0,28,1,1427932800
92,35,46,-11,15,11,4,6,8,-2,15,23,-8,9,8,1,34,29,5,Friday,April,14.9,1.5,95,67.5,100.93,32,3.6,3.6,0.0,0.0,12.82,5.0,39,11,5,23,0,2,0,25,0,1428019200
93,39,42,-3,13,7,6,7,4,3,22,17,5,8,8,0,23,19,4,Saturday,April,5.2,-2.0,94,65.5,101.49,36,1.6,0.0,2.0,2.0,12.85,4.0,38,10,3,13,0,5,0,26,1,1428105600
94,40,36,4,11,7,4,6,3,3,14,17,-3,5,7,-2,23,22,1,Sunday,April,2.1,-3.0,82,69.5,102.22,27,0.0,0.0,0.0,2.0,12.92,5.0,40,8,3,22,0,10,0,29,0,1428192000
95,41,48,-7,4,11,-7,18,17,1,22,17,5,5,7,-2,24,26,-2,Monday,April,9.1,0.1,87,66.0,102.23,21,0.0,0.0,0.0,0.0,12.97,4.5,30,14,2,17,0,7,0,29,0,1428278400
96,43,55,-12,12,12,0,7,5,2,19,19,0,3,5,-2,24,22,2,Tuesday,April,8.2,0.6,86,57.0,102.6,29,0.0,0.0,0.0,0.0,13.02,5.0,28,10,7,15,0,4,0,28,2,1428364800
97,43,42,1,16,13,3,22,16,6,21,18,3,6,6,0,23,24,-1,Wednesday,April,4.0,1.3,94,63.5,102.26,32,17.6,17.6,0.0,0.0,13.05,7.0,41,14,3,20,0,2,0,30,1,1428451200
98,45,48,-3,14,7,7,11,11,0,17,16,1,5,8,-3,16,21,-5,Thursday,April,8.5,1.5,97,95.0,101.35,21,11.4,11.4,0.0,0.0,13.1,6.0,32,18,4,28,1,4,0,30,1,1428537600
99,46,49,-3,11,7,4,13,7,6,32,21,11,6,11,-5,24,26,-2,Friday,April,16.9,3.7,97,77.0,100.38,58,3.0,3.0,0.0,0.0,13.17,5.5,37,11,9,25,0,4,0,28,0,1428624000
100,46,46,0,6,7,-1,18,15,3,20,19,1,9,10,-1,24,24,0,Saturday,April,11.3,2.6,73,55.5,101.75,40,0.0,0.0,0.0,0.0,13.22,4.0,54,12,3,17,0,3,1,23,1,1428710400
101,58,53,5,10,11,-1,15,17,-2,32,22,10,4,11,-7,24,28,-4,Sunday,April,17.7,2.1,81,57.0,102.32,25,0.0,0.0,0.0,0.0,13.25,2.0,53,8,2,6,0,9,0,29,1,1428796800
102,31,31,0,7,8,-1,2,4,-2,16,17,-1,6,6,0,41,19,22,Monday,April,24.7,5.5,84,64.0,101.51,51,4.8,4.8,0.0,0.0,13.3,4.0,30,9,10,19,0,8,0,41,1,1428883200
103,37,35,2,6,5,1,1,4,-3,22,22,0,10,5,5,30,28,2,Tuesday,April,17.8,3.1,82,50.5,102.25,24,0.0,0.0,0.0,0.0,13.35,3.5,47,5,11,16,1,6,0,34,2,1428969600
104,39,45,-6,10,9,1,4,3,1,24,16,8,12,7,5,18,18,0,Wednesday,April,15.8,3.9,55,40.0,102.73,22,0.0,0.0,0.0,0.0,13.42,2.0,43,8,12,17,0,7,0,26,4,1429056000
105,36,44,-8,14,11,3,18,14,4,27,19,8,7,7,0,26,26,0,Thursday,April,15.6,1.5,85,58.0,102.42,30,0.4,0.4,0.0,0.0,13.45,6.0,31,10,11,16,0,6,0,35,2,1429142400
106,36,32,4,4,8,-4,1,2,-1,19,19,0,11,10,1,19,22,-3,Friday,April,22.4,7.8,96,63.0,101.57,26,0.0,0.0,0.0,0.0,13.5,4.0,46,4,12,18,0,10,0,31,6,1429228800
107,36,39,-3,3,8,-5,2,3,-1,12,12,0,6,6,0,10,18,-8,Saturday,April,20.0,4.4,75,50.5,101.86,45,0.0,0.0,0.0,0.0,13.55,3.0,50,9,13,16,0,7,0,36,2,1429315200
108,52,40,12,18,11,7,10,3,7,24,18,6,11,8,3,24,26,-2,Sunday,April,12.3,3.9,72,53.0,101.69,37,7.2,7.2,0.0,0.0,13.58,4.0,48,5,10,8,0,5,0,36,1,1429401600
109,49,42,7,6,8,-2,24,16,8,12,16,-4,3,8,-5,31,21,10,Monday,April,16.8,5.0,96,79.5,100.06,39,18.6,18.6,0.0,0.0,13.65,6.0,38,4,8,17,0,9,0,31,2,1429488000
110,43,40,3,11,5,6,11,10,1,21,19,2,8,6,2,20,18,2,Tuesday,April,10.6,3.8,87,68.0,100.19,49,6.0,6.0,0.0,0.0,13.68,5.0,40,9,8,12,0,7,0,29,2,1429574400
111,44,48,-4,2,13,-11,4,5,-1,8,15,-7,6,11,-5,20,23,-3,Wednesday,April,8.7,-0.8,89,72.0,100.42,42,0.4,0.4,0.0,0.0,13.73,6.5,26,9,7,22,0,5,0,19,2,1429660800
112,45,44,1,9,14,-5,2,11,-9,23,20,3,7,6,1,20,31,-11,Thursday,April,3.2,-1.3,79,66.0,101.01,40,0.0,0.0,0.0,0.0,13.78,6.5,36,4,8,20,1,7,0,33,3,1429747200
113,48,46,2,7,11,-4,16,9,7,22,24,-2,7,6,1,21,29,-8,Friday,April,7.7,-2.5,73,56.0,101.61,35,0.0,0.0,0.0,0.0,13.82,3.5,34,10,9,19,0,11,0,40,2,1429833600
114,42,36,6,10,5,5,0,1,-1,17,16,1,7,5,2,16,18,-2,Saturday,April,11.7,-2.9,75,57.0,101.33,26,0.0,0.0,0.0,0.0,13.88,2.0,45,3,11,9,0,12,0,36,2,1429920000
115,34,43,-9,18,10,8,2,5,-3,19,23,-4,11,8,3,15,18,-3,Sunday,April,12.8,1.4,76,59.5,101.06,36,0.0,0.0,0.0,0.0,13.92,4.0,40,9,5,14,0,3,0,18,1,1430006400
116,43,36,7,10,6,4,6,3,3,18,16,2,10,8,2,18,14,4,Monday,April,12.7,3.7,88,68.5,101.3,32,0.2,0.2,0.0,0.0,13.97,5.5,38,7,6,21,0,6,0,22,3,1430092800
117,54,51,3,7,11,-4,8,12,-4,16,16,0,10,7,3,22,24,-2,Tuesday,April,18.8,4.7,78,59.0,101.49,26,0.0,0.0,0.0,0.0,14.0,4.0,34,8,8,20,0,12,0,24,1,1430179200
118,75,49,26,13,14,-1,15,20,-5,27,21,6,10,6,4,25,22,3,Wednesday,April,19.8,5.2,82,60.5,100.95,20,0.0,0.0,0.0,0.0,14.05,3.5,48,6,10,18,0,7,0,15,1,1430265600
119,44,40,4,9,7,2,5,4,1,8,14,-6,5,6,-1,20,25,-5,Thursday,April,18.4,6.1,79,61.5,101.06,18,0.0,0.0,0.0,0.0,14.1,4.5,40,9,8,14,0,12,0,14,4,1430352000
120,61,50,11,10,10,0,10,18,-8,16,19,-3,6,9,-3,24,27,-3,Friday,May,21.5,7.4,78,55.5,101.57,25,0.0,0.0,0.0,0.0,14.15,4.0,67,8,11,27,0,12,0,27,4,1430438400
121,28,43,-15,5,6,-1,19,17,2,19,18,1,5,6,-1,20,28,-8,Saturday,May,23.6,6.7,74,51.5,101.58,23,0.0,0.0,0.0,0.0,14.18,3.5,49,7,11,8,0,7,0,21,0,1430524800
122,31,40,-9,8,10,-2,2,2,0,11,19,-8,6,7,-1,21,18,3,Sunday,May,25.5,8.8,67,46.5,101.61,34,0.0,0.0,0.0,0.0,14.22,4.0,57,6,10,14,0,5,0,17,3,1430611200
123,42,42,0,12,15,-3,5,1,4,22,16,6,10,6,4,25,13,12,Monday,May,24.4,10.3,75,58.0,101.94,34,0.4,0.4,0.0,0.0,14.27,4.5,49,11,17,18,0,10,0,18,4,1430697600
124,51,40,11,12,7,5,2,2,0,13,13,0,9,7,2,21,16,5,Tuesday,May,16.3,6.8,74,54.5,102.46,18,0.0,0.0,0.0,0.0,14.32,4.5,40,11,8,19,0,2,0,24,4,1430784000
125,44,38,6,9,14,-5,13,18,-5,14,22,-8,9,4,5,23,22,1,Wednesday,May,22.2,6.8,83,56.5,102.43,22,0.0,0.0,0.0,0.0,14.37,4.5,27,6,11,23,0,9,0,26,3,1430870400
126,31,37,-6,7,6,1,3,4,-1,19,19,0,12,6,6,20,22,-2,Thursday,May,24.1,9.3,65,52.5,102.05,17,0.0,0.0,0.0,0.0,14.4,3.0,52,7,15,24,0,14,0,26,4,1430956800
127,54,47,7,11,8,3,16,16,0,21,23,-2,13,10,3,23,22,1,Friday,May,24.8,11.5,84,66.5,101.67,20,0.4,0.4,0.0,0.0,14.43,4.0,38,8,12,15,1,12,0,33,4,1431043200
128,42,45,-3,7,8,-1,9,8,1,16,17,-1,6,7,-1,21,25,-4,Saturday,May,27.3,13.0,93,70.5,101.73,19,10.4,10.4,0.0,0.0,14.47,5.0,50,9,12,12,0,8,0,31,3,1431129600
129,43,47,-4,14,14,0,20,16,4,20,17,3,8,6,2,22,29,-7,Sunday,May,25.5,16.1,93,80.0,101.78,19,2.2,2.2,0.0,0.0,14.52,6.5,55,10,9,19,0,2,0,28,3,1431216000
130,48,57,-9,9,9,0,8,10,-2,15,19,-4,6,9,-3,21,28,-7,Monday,May,19.9,12.6,96,85.5,101.3,24,5.6,5.6,0.0,0.0,14.55,5.5,34,7,8,17,0,4,0,21,6,1431302400
131,27,42,-15,11,7,4,19,14,5,22,17,5,6,5,1,24,19,5,Tuesday,May,17.4,6.8,97,75.0,101.24,43,0.0,0.0,0.0,0.0,14.6,5.0,46,8,15,20,0,10,0,27,4,1431388800
132,43,45,-2,6,12,-6,5,5,0,13,18,-5,3,6,-3,17,33,-16,Wednesday,May,13.9,4.7,82,59.0,102.38,36,0.0,0.0,0.0,0.0,14.63,4.0,28,11,8,17,0,5,0,27,1,1431475200
133,59,61,-2,5,12,-7,12,14,-2,18,20,-2,7,10,-3,28,24,4,Thursday,May,17.4,3.4,63,45.5,102.89,16,0.0,0.0,0.0,0.0,14.67,3.5,35,10,15,17,0,12,0,27,3,1431561600
134,40,38,2,9,12,-3,10,19,-9,15,15,0,7,8,-1,30,22,8,Friday,May,14.9,9.0,78,63.0,102.07,16,0.2,0.2,0.0,0.0,14.7,7.5,40,9,7,31,0,6,0,23,2,1431648000
135,49,42,7,11,7,4,18,17,1,21,21,0,5,10,-5,21,23,-2,Saturday,May,25.6,12.3,81,64.0,101.86,25,0.0,0.0,0.0,0.0,14.73,4.5,57,3,8,19,0,11,0,32,2,1431734400
136,50,61,-11,16,12,4,17,9,8,18,18,0,8,6,2,27,27,0,Sunday,May,22.8,13.3,79,66.5,102.07,17,0.0,0.0,0.0,0.0,14.77,4.0,32,10,7,15,1,6,0,33,6,1431820800
137,21,34,-13,12,6,6,2,0,2,20,17,3,3,2,1,31,25,6,Monday,May,29.4,12.8,83,65.5,101.52,27,0.0,0.0,0.0,0.0,14.8,4.5,36,9,11,18,0,8,0,28,1,1431907200
138,40,46,-6,12,13,-1,7,9,-2,21,22,-1,6,4,2,19,29,-10,Tuesday,May,20.1,4.2,85,69.0,101.47,37,0.0,0.0,0.0,0.0,14.83,4.5,33,8,13,19,0,9,1,22,1,1431993600
139,46,35,11,10,10,0,5,4,1,17,22,-5,9,8,1,20,17,3,Wednesday,May,16.7,3.2,83,54.5,101.86,31,0.0,0.0,0.0,0.0,14.87,4.0,42,7,16,16,0,7,0,21,2,1432080000
140,36,37,-1,8,8,0,6,11,-5,18,19,-1,6,7,-1,19,19,0,Thursday,May,20.4,7.4,50,37.0,101.33,33,0.0,0.0,0.0,0.0,14.9,4.5,44,9,15,14,0,7,1,34,3,1432166400
141,43,44,-1,8,13,-5,17,15,2,25,23,2,12,6,6,44,17,27,Friday,May,16.1,4.2,71,53.0,101.94,32,0.0,0.0,0.0,0.0,14.93,3.5,52,7,8,17,0,8,0,22,2,1432252800
142,53,52,1,8,8,0,2,6,-4,6,17,-11,9,7,2,29,33,-4,Saturday,May,22.8,1.1,71,45.5,102.71,28,0.0,0.0,0.0,0.0,14.97,1.5,44,5,15,10,0,4,0,22,0,1432339200
143,33,35,-2,10,9,1,0,1,-1,12,20,-8,6,8,-2,16,20,-4,Sunday,May,28.7,10.8,43,33.5,102.22,30,0.2,0.2,0.0,0.0,15.0,4.0,50,8,17,22,0,4,0,22,0,1432425600
144,33,26,7,11,4,7,2,3,-1,16,12,4,9,5,4,16,16,0,Monday,May,28.1,16.9,70,59.0,101.66,46,0.0,0.0,0.0,0.0,15.03,5.5,49,9,9,10,1,6,0,21,2,1432512000
145,62,46,16,19,12,7,10,7,3,35,20,15,5,13,-8,14,26,-12,Tuesday,May,29.2,18.2,81,64.5,101.61,30,0.0,0.0,0.0,0.0,15.05,4.5,40,10,16,15,0,8,0,17,3,1432598400
146,34,42,-8,13,11,2,19,15,4,22,18,4,6,6,0,18,21,-3,Wednesday,May,28.9,17.3,82,62.5,101.42,44,0.0,0.0,0.0,0.0,15.08,6.5,55,6,16,11,0,6,0,17,0,1432684800
147,33,37,-4,4,7,-3,3,3,0,20,21,-1,5,7,-2,25,22,3,Thursday,May,26.2,14.9,82,61.5,102.03,40,0.0,0.0,0.0,0.0,15.12,4.0,44,6,13,23,0,5,0,18,0,1432771200
148,41,38,3,5,10,-5,19,15,4,28,18,10,7,5,2,32,19,13,Friday,May,26.1,15.5,73,58.5,102.05,19,0.0,0.0,0.0,0.0,15.13,4.0,56,5,18,14,0,14,0,21,1,1432857600
149,45,39,6,12,6,6,23,14,9,18,18,0,6,4,2,31,24,7,Saturday,May,29.3,11.0,94,74.5,101.53,30,23.0,23.0,0.0,0.0,15.17,4.5,49,8,8,18,1,7,0,23,4,1432944000
150,58,39,19,4,10,-6,5,7,-2,16,20,-4,15,8,7,14,24,-10,Sunday,May,11.1,7.3,93,83.0,102.2,39,20.4,20.4,0.0,0.0,15.2,7.5,48,9,10,14,0,4,0,20,3,1433030400
151,50,56,-6,9,8,1,12,11,1,12,14,-2,8,8,0,31,23,8,Monday,June,16.0,7.5,79,71.5,102.27,21,0.0,0.0,0.0,0.0,15.22,6.0,66,12,13,28,0,7,1,28,13,1433116800
152,51,42,9,15,10,5,16,16,0,23,19,4,5,6,-1,22,23,-1,Tuesday,June,18.6,8.1,90,69.0,102.24,19,0.0,0.0,0.0,0.0,15.25,3.0,33,13,13,23,0,11,0,21,1,1433203200
153,34,45,-11,10,11,-1,13,13,0,19,18,1,9,8,1,17,21,-4,Wednesday,June,19.4,8.8,80,59.5,102.22,17,0.0,0.0,0.0,0.0,15.25,2.5,42,4,12,15,1,10,0,14,3,1433289600
154,43,41,2,8,8,0,13,16,-3,18,16,2,7,7,0,37,28,9,Thursday,June,22.4,10.8,78,70.0,101.92,17,0.0,0.0,0.0,0.0,15.28,3.5,33,13,12,12,0,7,0,18,1,1433376000
155,38,43,-5,14,6,8,1,7,-6,27,28,-1,8,12,-4,18,26,-8,Friday,June,25.0,13.8,87,74.5,101.53,30,6.0,6.0,0.0,0.0,15.3,5.0,39,15,18,17,0,6,0,23,2,1433462400
156,39,40,-1,11,7,4,6,4,2,29,22,7,8,9,-1,31,21,10,Saturday,June,17.2,10.4,79,59.5,102.05,26,0.0,0.0,0.0,0.0,15.32,3.0,48,7,13,22,0,7,0,22,2,1433548800
157,51,56,-5,8,6,2,7,12,-5,16,18,-2,5,10,-5,20,21,-1,Sunday,June,20.4,9.2,84,65.0,101.32,22,7.2,7.2,0.0,0.0,15.33,4.0,39,8,10,17,0,7,0,21,0,1433635200
158,41,47,-6,10,8,2,16,13,3,17,20,-3,6,6,0,21,25,-4,Monday,June,23.5,16.9,94,78.0,100.34,28,20.8,20.8,0.0,0.0,15.35,7.0,48,9,14,24,0,6,0,24,1,1433721600
159,29,38,-9,9,8,1,1,3,-2,15,19,-4,5,6,-1,27,32,-5,Tuesday,June,22.9,14.6,89,73.0,100.54,23,2.2,2.2,0.0,0.0,15.37,4.0,50,10,13,21,0,11,0,20,3,1433808000
160,34,30,4,9,4,5,1,1,0,8,10,-2,5,5,0,17,17,0,Wednesday,June,28.1,13.2,88,72.0,100.49,41,12.8,12.8,0.0,0.0,15.37,4.0,51,9,7,17,0,8,0,20,5,1433894400
161,43,35,8,11,9,2,17,7,10,12,18,-6,6,5,1,27,22,5,Thursday,June,25.0,12.5,85,64.0,101.17,20,0.0,0.0,0.0,0.0,15.4,5.0,46,11,11,23,0,4,0,16,1,1433980800
162,53,46,7,7,15,-8,14,13,1,21,20,1,8,7,1,22,24,-2,Friday,June,18.4,14.4,95,83.5,101.2,19,10.6,10.6,0.0,0.0,15.4,4.5,46,10,7,30,1,9,0,23,0,1434067200
163,56,48,8,18,10,8,7,5,2,20,17,3,7,6,1,31,27,4,Saturday,June,22.6,15.2,92,70.5,101.74,16,0.0,0.0,0.0,0.0,15.42,5.0,44,9,18,16,0,5,0,28,0,1434153600
164,41,48,-7,14,10,4,14,13,1,21,20,1,7,9,-2,19,22,-3,Sunday,June,18.8,16.5,96,82.0,101.53,12,4.0,4.0,0.0,0.0,15.42,7.0,50,9,11,13,0,9,0,25,3,1434240000
165,51,62,-11,7,9,-2,12,5,7,21,15,6,8,9,-1,22,26,-4,Monday,June,24.6,16.8,97,86.0,101.27,16,0.0,0.0,0.0,0.0,15.43,6.5,35,13,9,26,0,3,0,27,5,1434326400
166,46,49,-3,13,6,7,7,7,0,14,15,-1,5,5,0,26,23,3,Tuesday,June,26.8,16.0,95,68.0,101.47,32,24.4,24.4,0.0,0.0,15.43,4.5,29,8,10,18,0,6,0,13,0,1434412800
167,48,48,0,8,8,0,12,6,6,16,19,-3,14,9,5,30,19,11,Wednesday,June,22.1,13.6,81,60.0,101.97,23,0.0,0.0,0.0,0.0,15.45,4.0,34,9,16,19,0,4,0,25,0,1434499200
168,66,43,23,7,11,-4,10,4,6,19,16,3,6,6,0,26,24,2,Thursday,June,27.3,14.6,84,69.0,101.33,31,0.0,0.0,0.0,0.0,15.45,5.0,51,10,15,15,0,6,0,20,0,1434585600
169,41,43,-2,9,8,1,18,15,3,23,18,5,6,9,-3,28,25,3,Friday,June,19.9,14.5,87,69.5,101.61,26,0.0,0.0,0.0,0.0,15.45,5.0,35,8,17,27,0,10,1,29,1,1434672000
170,48,49,-1,10,9,1,11,7,4,17,23,-6,14,12,2,26,27,-1,Saturday,June,22.9,11.6,73,58.0,101.36,19,0.0,0.0,0.0,0.0,15.47,4.5,50,12,10,16,0,9,1,21,4,1434758400
171,44,51,-7,9,10,-1,18,13,5,16,18,-2,5,10,-5,28,22,6,Sunday,June,27.4,17.2,84,67.0,100.97,35,0.0,0.0,0.0,0.0,15.45,4.0,49,6,13,16,0,8,0,25,0,1434844800
172,35,51,-16,8,12,-4,18,14,4,21,24,-3,12,6,6,35,30,5,Monday,June,25.9,16.9,87,69.5,101.17,21,22.0,22.0,0.0,0.0,15.45,4.5,38,8,10,19,0,4,0,31,1,1434931200
173,34,38,-4,2,7,-5,20,12,8,16,18,-2,8,5,3,22,19,3,Tuesday,June,25.8,15.1,93,73.5,100.98,48,1.6,1.6,0.0,0.0,15.45,4.0,49,7,13,16,0,5,0,16,2,1435017600
174,46,36,10,12,7,5,5,6,-1,16,19,-3,6,7,-1,24,25,-1,Wednesday,June,26.1,13.5,80,59.5,101.81,31,0.0,0.0,0.0,0.0,15.45,3.0,42,7,15,28,0,1,0,26,0,1435104000
175,42,34,8,5,8,-3,2,3,-1,11,19,-8,1,10,-9,30,27,3,Thursday,June,22.6,15.6,80,66.0,101.7,23,0.0,0.0,0.0,0.0,15.45,6.0,42,8,10,14,0,6,0,19,3,1435190400
176,37,38,-1,16,9,7,17,13,4,30,22,8,5,5,0,21,19,2,Friday,June,23.0,14.4,93,65.5,101.78,21,0.0,0.0,0.0,0.0,15.45,4.5,46,14,15,24,0,9,0,22,4,1435276800
177,40,53,-13,13,12,1,6,15,-9,15,16,-1,7,8,-1,21,24,-3,Saturday,June,18.5,12.7,94,73.0,101.4,37,34.2,34.2,0.0,0.0,15.45,7.5,61,9,6,22,0,6,2,24,4,1435363200
178,55,56,-1,14,13,1,9,13,-4,9,20,-11,3,9,-6,34,28,6,Sunday,June,16.1,12.2,95,90.5,100.8,30,14.2,14.2,0.0,0.0,15.43,7.0,47,2,6,21,0,5,1,19,1,1435449600
179,51,37,14,4,9,-5,16,15,1,27,23,4,2,7,-5,31,25,6,Monday,June,23.7,13.5,90,70.5,101.1,21,0.0,0.0,0.0,0.0,15.43,4.5,45,7,10,22,0,5,0,36,4,1435536000
180,46,37,9,5,7,-2,3,3,0,21,20,1,14,7,7,16,19,-3,Tuesday,June,19.6,15.2,92,80.5,100.97,19,0.2,0.2,0.0,0.0,15.42,4.5,37,6,7,23,0,15,0,29,3,1435622400
181,45,35,10,6,9,-3,2,6,-4,15,18,-3,6,7,-1,21,20,1,Wednesday,July,23.8,15.2,96,74.0,100.97,36,0.0,0.0,0.0,0.0,15.4,4.5,62,11,13,14,0,14,0,25,3,1435708800
182,47,44,3,9,10,-1,13,17,-4,27,26,1,6,6,0,38,24,14,Thursday,July,21.9,13.1,86,59.0,101.48,22,0.0,0.0,0.0,0.0,15.38,3.0,43,12,10,20,0,9,0,32,2,1435795200
183,52,28,24,8,8,0,3,1,2,21,13,8,4,3,1,16,13,3,Friday,July,22.4,11.0,67,48.5,101.51,17,0.0,0.0,0.0,0.0,15.38,4.0,41,4,17,15,0,6,0,28,1,1435881600
184,38,33,5,15,8,7,13,6,7,24,19,5,5,7,-2,10,22,-12,Saturday,July,24.8,12.0,71,56.0,101.49,19,0.0,0.0,0.0,0.0,15.37,3.5,40,8,13,14,0,7,0,21,0,1435968000
185,31,30,1,8,7,1,4,0,4,12,8,4,8,4,4,26,23,3,Sunday,July,26.2,15.4,80,67.0,101.87,18,0.0,0.0,0.0,0.0,15.35,4.0,48,4,16,13,0,2,0,30,0,1436054400
186,45,36,9,7,8,-1,6,6,0,20,19,1,9,7,2,17,22,-5,Monday,July,26.8,17.1,87,71.0,101.62,19,0.0,0.0,0.0,0.0,15.33,5.0,50,12,20,17,0,5,1,30,2,1436140800
187,54,47,7,20,13,7,13,11,2,23,28,-5,12,5,7,29,27,2,Tuesday,July,29.1,15.8,93,79.5,101.17,31,16.2,16.2,0.0,0.0,15.32,5.0,43,8,12,13,0,7,0,32,2,1436227200
188,40,43,-3,13,9,4,18,17,1,16,17,-1,7,8,-1,27,29,-2,Wednesday,July,21.0,13.2,86,68.0,101.73,32,0.0,0.0,0.0,0.0,15.3,5.0,42,7,13,14,0,6,0,18,2,1436313600
189,37,40,-3,8,11,-3,13,19,-6,12,17,-5,10,7,3,23,21,2,Thursday,July,23.9,15.2,81,66.0,101.45,18,0.0,0.0,0.0,0.0,15.28,4.0,37,6,14,21,0,7,1,23,3,1436400000
190,36,37,-1,11,7,4,7,6,1,14,19,-5,4,9,-5,19,20,-1,Friday,July,26.8,13.0,81,60.5,101.72,19,0.0,0.0,0.0,0.0,15.27,3.0,42,13,15,19,1,7,0,18,2,1436486400
191,45,42,3,6,11,-5,6,4,2,16,21,-5,7,8,-1,25,19,6,Saturday,July,29.0,15.5,77,59.5,101.94,19,0.0,0.0,0.0,0.0,15.23,2.5,50,7,15,13,0,4,0,21,3,1436572800
192,43,36,7,11,10,1,11,12,-1,28,18,10,10,6,4,27,20,7,Sunday,July,28.0,18.4,79,61.5,101.63,21,0.0,0.0,0.0,0.0,15.22,4.0,49,9,8,10,1,6,0,23,1,1436659200
193,44,40,4,9,8,1,3,3,0,19,21,-2,16,8,8,25,21,4,Monday,July,28.3,17.8,81,65.0,100.85,20,0.0,0.0,0.0,0.0,15.2,4.0,38,5,12,15,0,7,0,23,2,1436745600
194,41,42,-1,7,11,-4,7,10,-3,18,18,0,8,9,-1,21,21,0,Tuesday,July,25.4,16.2,88,80.0,100.21,37,2.4,2.4,0.0,0.0,15.17,4.5,46,11,15,22,0,6,0,19,4,1436832000
195,30,36,-6,8,7,1,8,15,-7,12,18,-6,12,4,8,19,18,1,Wednesday,July,22.0,12.1,75,57.0,101.19,34,0.0,0.0,0.0,0.0,15.15,4.0,36,7,19,25,0,11,0,25,5,1436918400
196,30,45,-15,3,3,0,1,3,-2,19,18,1,0,4,-4,17,19,-2,Thursday,July,22.7,12.4,83,62.0,101.87,17,0.0,0.0,0.0,0.0,15.12,3.0,33,5,20,23,0,12,0,28,1,1437004800
197,46,38,8,5,7,-2,3,2,1,20,14,6,7,8,-1,13,27,-14,Friday,July,21.1,16.4,92,81.5,101.3,17,5.4,5.4,0.0,0.0,15.08,5.5,47,10,10,26,0,7,0,24,3,1437091200
198,34,33,1,9,5,4,1,0,1,9,12,-3,5,4,1,15,23,-8,Saturday,July,31.6,19.0,97,73.5,101.02,27,0.0,0.0,0.0,0.0,15.07,5.0,59,5,12,18,0,7,0,28,2,1437177600
199,32,41,-9,7,9,-2,6,2,4,14,17,-3,8,7,1,19,22,-3,Sunday,July,31.9,18.7,84,71.0,100.73,29,0.0,0.0,0.0,0.0,15.03,3.5,61,5,18,18,0,6,0,21,1,1437264000
200,49,44,5,5,9,-4,7,5,2,20,11,9,5,5,0,13,20,-7,Monday,July,29.1,16.1,79,62.5,100.64,27,0.0,0.0,0.0,0.0,15.0,4.0,44,10,19,16,0,7,1,27,4,1437350400
201,41,43,-2,9,10,-1,19,17,2,14,18,-4,9,8,1,17,21,-4,Tuesday,July,26.2,17.4,77,56.5,100.58,39,0.0,0.0,0.0,0.0,14.97,4.5,44,4,15,39,0,12,0,21,1,1437436800
202,133,34,99,6,8,-2,3,4,-1,13,23,-10,8,6,2,20,25,-5,Wednesday,July,25.5,14.7,70,52.0,101.12,32,0.0,0.0,0.0,0.0,14.93,3.5,26,8,14,32,0,9,1,16,0,1437523200
203,47,43,4,5,4,1,4,4,0,5,14,-9,5,4,1,22,19,3,Thursday,July,26.7,13.7,68,51.0,101.39,26,0.0,0.0,0.0,0.0,14.9,2.0,28,5,19,19,0,5,0,20,3,1437609600
204,44,38,6,10,10,0,18,14,4,17,18,-1,12,5,7,14,25,-11,Friday,July,29.5,13.0,68,49.0,101.47,24,0.0,0.0,0.0,0.0,14.88,3.5,63,10,13,16,0,6,0,32,1,1437696000
205,46,38,8,6,8,-2,6,3,3,31,20,11,2,7,-5,23,19,4,Saturday,July,31.1,20.3,75,59.0,101.15,36,0.0,0.0,0.0,0.0,14.85,4.0,48,14,9,19,0,9,0,14,2,1437782400
206,28,37,-9,18,8,10,4,1,3,14,14,0,9,10,-1,21,16,5,Sunday,July,29.7,17.5,80,61.5,101.33,18,0.0,0.0,0.0,0.0,14.82,4.0,48,5,15,18,0,6,0,28,0,1437868800
207,37,44,-7,6,6,0,8,17,-9,13,20,-7,9,6,3,25,23,2,Monday,July,31.7,18.9,75,54.5,101.54,23,0.0,0.0,0.0,0.0,14.78,3.0,43,11,18,29,0,5,0,22,2,1437955200
208,26,40,-14,6,6,0,6,5,1,24,18,6,5,8,-3,17,21,-4,Tuesday,July,32.6,18.3,76,54.0,101.57,18,0.0,0.0,0.0,0.0,14.73,3.5,31,8,11,21,0,7,0,20,0,1438041600
209,43,43,0,17,13,4,16,15,1,26,17,9,9,8,1,31,29,2,Wednesday,July,32.3,20.3,78,58.5,101.24,23,0.0,0.0,0.0,0.0,14.7,4.0,42,12,13,16,0,7,0,24,1,1438128000
210,32,40,-8,8,6,2,8,11,-3,17,21,-4,4,11,-7,13,24,-11,Thursday,July,30.4,19.6,75,54.0,100.99,36,0.0,0.0,0.0,0.0,14.67,4.0,31,6,12,27,0,4,0,20,0,1438214400
211,32,39,-7,6,8,-2,1,4,-3,11,22,-11,6,7,-1,24,22,2,Friday,July,30.8,15.9,81,57.0,100.96,36,0.4,0.4,0.0,0.0,14.63,4.0,51,17,11,22,0,9,0,13,1,1438300800
212,37,54,-17,11,7,4,9,7,2,25,16,9,4,9,-5,28,34,-6,Saturday,August,27.8,16.0,82,58.5,100.98,36,0.0,0.0,0.0,0.0,14.6,3.0,69,7,12,17,0,7,0,27,7,1438387200
213,38,36,2,7,10,-3,2,3,-1,16,22,-6,13,9,4,18,24,-6,Sunday,August,30.1,15.8,87,60.0,100.69,30,14.0,14.0,0.0,0.0,14.57,4.5,48,9,9,12,0,9,0,16,2,1438473600
214,37,32,5,10,7,3,4,6,-2,13,21,-8,4,4,0,23,23,0,Monday,August,27.0,17.4,89,62.5,100.54,35,1.2,1.2,0.0,0.0,14.52,5.0,37,5,15,24,1,11,0,21,3,1438560000
215,45,51,-6,7,8,-1,7,10,-3,11,19,-8,6,9,-3,6,25,-19,Tuesday,August,26.5,17.1,77,59.0,101.12,32,1.4,1.4,0.0,0.0,14.48,5.0,34,7,9,20,0,13,1,22,3,1438646400
216,46,56,-10,8,8,0,17,14,3,13,16,-3,9,9,0,22,27,-5,Wednesday,August,24.6,13.9,79,60.0,101.54,30,0.0,0.0,0.0,0.0,14.45,3.5,34,7,13,18,0,6,0,17,1,1438732800
217,51,46,5,7,12,-5,10,12,-2,20,19,1,6,8,-2,20,24,-4,Thursday,August,23.7,13.4,78,61.5,101.58,16,0.0,0.0,0.0,0.0,14.42,4.0,42,5,16,23,0,9,0,15,3,1438819200
218,37,37,0,3,5,-2,3,4,-1,18,20,-2,2,8,-6,14,23,-9,Friday,August,24.9,14.1,80,61.0,101.53,17,0.0,0.0,0.0,0.0,14.37,2.5,38,11,10,25,1,13,0,22,1,1438905600
219,38,39,-1,6,8,-2,11,14,-3,13,17,-4,5,7,-2,18,26,-8,Saturday,August,23.6,15.7,80,65.5,101.68,22,0.0,0.0,0.0,0.0,14.33,4.0,54,11,14,20,0,5,0,25,3,1438992000
220,34,38,-4,12,7,5,5,3,2,15,17,-2,7,6,1,19,17,2,Sunday,August,24.5,13.4,85,64.5,101.73,20,0.0,0.0,0.0,0.0,14.28,2.0,45,14,11,17,0,5,1,16,4,1439078400
221,35,37,-2,10,5,5,4,2,2,29,19,10,10,6,4,20,13,7,Monday,August,23.3,14.7,96,76.0,101.19,22,35.8,35.8,0.0,0.0,14.23,4.0,34,5,13,35,0,4,0,28,2,1439164800
222,42,46,-4,7,10,-3,17,12,5,8,18,-10,8,9,-1,18,24,-6,Tuesday,August,26.1,17.6,92,73.0,101.0,32,0.0,0.0,0.0,0.0,14.2,5.0,35,11,17,22,0,6,0,22,2,1439251200
223,48,53,-5,7,8,-1,11,16,-5,15,14,1,12,9,3,17,24,-7,Wednesday,August,23.5,14.6,84,60.0,101.48,32,0.0,0.0,0.0,0.0,14.15,3.5,36,8,12,29,0,8,0,22,5,1439337600
224,37,42,-5,7,13,-6,15,15,0,21,16,5,4,6,-2,23,22,1,Thursday,August,27.1,12.0,76,60.0,101.63,24,0.0,0.0,0.0,0.0,14.12,3.5,34,13,13,19,0,4,0,28,0,1439424000
225,60,35,25,11,9,2,2,3,-1,12,11,1,8,6,2,37,24,13,Friday,August,27.1,20.3,91,80.5,101.64,28,2.8,2.8,0.0,0.0,14.07,5.5,43,12,12,33,0,11,0,20,6,1439510400
226,50,43,7,16,13,3,7,22,-15,12,17,-5,11,7,4,21,26,-5,Saturday,August,29.3,19.2,92,74.5,101.86,15,0.0,0.0,0.0,0.0,14.03,3.5,58,9,21,21,0,9,0,26,1,1439596800
227,52,42,10,12,11,1,2,5,-3,28,19,9,7,8,-1,11,21,-10,Sunday,August,31.2,18.7,84,66.5,101.88,21,0.0,0.0,0.0,0.0,13.98,3.0,61,11,22,25,0,6,0,20,2,1439683200
228,34,35,-1,11,11,0,8,9,-1,25,22,3,10,8,2,18,18,0,Monday,August,32.6,20.7,88,65.5,101.62,24,0.0,0.0,0.0,0.0,13.95,3.5,41,10,14,19,0,10,0,22,6,1439769600
229,34,45,-11,8,4,4,1,2,-1,18,11,7,14,5,9,15,16,-1,Tuesday,August,26.5,20.6,92,81.5,101.35,17,0.0,0.0,0.0,0.0,13.88,4.5,30,8,10,13,0,7,0,13,2,1439856000
230,52,42,10,8,11,-3,10,8,2,21,20,1,7,7,0,29,23,6,Wednesday,August,28.7,20.4,97,78.0,101.03,21,6.4,6.4,0.0,0.0,13.83,4.0,41,15,10,27,0,9,2,20,1,1439942400
231,52,49,3,11,7,4,4,3,1,16,16,0,7,9,-2,27,22,5,Thursday,August,26.0,16.5,91,70.5,100.97,32,0.0,0.0,0.0,0.0,13.8,4.5,36,8,6,18,0,6,1,19,2,1440028800
232,41,46,-5,8,9,-1,13,15,-2,16,16,0,6,7,-1,21,26,-5,Friday,August,22.6,14.9,81,66.0,101.73,23,0.0,0.0,0.0,0.0,13.75,4.0,38,13,23,23,0,9,0,22,0,1440115200
233,42,45,-3,13,8,5,15,18,-3,13,17,-4,5,7,-2,18,25,-7,Saturday,August,23.5,12.4,82,67.0,102.13,16,0.0,0.0,0.0,0.0,13.72,2.5,50,14,7,14,0,12,0,19,2,1440201600
234,50,39,11,7,9,-2,14,10,4,16,18,-2,9,6,3,15,15,0,Sunday,August,24.3,13.1,87,68.0,101.42,19,0.0,0.0,0.0,0.0,13.67,4.0,44,7,11,12,0,9,0,31,0,1440288000
235,47,50,-3,8,12,-4,5,7,-2,15,16,-1,4,9,-5,37,23,14,Monday,August,24.2,15.7,88,66.0,100.9,32,0.0,0.0,0.0,0.0,13.62,5.0,39,6,11,15,0,5,0,30,1,1440374400
236,38,35,3,11,7,4,1,1,0,13,13,0,8,8,0,25,22,3,Tuesday,August,20.9,14.2,78,64.5,101.24,25,0.0,0.0,0.0,0.0,13.58,7.0,33,11,10,26,0,5,0,26,4,1440460800
237,36,38,-2,13,6,7,3,2,1,21,18,3,4,5,-1,16,14,2,Wednesday,August,20.1,14.1,82,71.5,101.62,25,0.0,0.0,0.0,0.0,13.52,7.5,31,7,9,18,0,7,0,14,3,1440547200
238,31,42,-11,8,8,0,11,18,-7,21,18,3,7,9,-2,20,21,-1,Thursday,August,19.3,12.7,88,74.0,102.01,20,0.0,0.0,0.0,0.0,13.47,4.5,35,8,11,22,0,13,0,9,4,1440633600
239,45,47,-2,3,6,-3,8,6,2,25,20,5,8,12,-4,24,25,-1,Friday,August,22.9,10.9,87,69.5,102.21,17,0.0,0.0,0.0,0.0,13.43,4.0,37,16,17,30,0,5,0,21,3,1440720000
240,35,37,-2,5,6,-1,2,3,-1,12,14,-2,8,4,4,16,16,0,Saturday,August,24.2,14.9,87,74.5,101.99,12,0.0,0.0,0.0,0.0,13.38,7.5,45,7,7,11,0,6,0,6,1,1440806400
241,49,47,2,5,6,-1,6,1,5,21,16,5,6,10,-4,37,19,18,Sunday,August,26.2,18.4,84,71.0,101.75,16,0.0,0.0,0.0,0.0,13.33,4.0,49,8,11,15,0,11,0,17,0,1440892800
242,31,32,-1,7,6,1,9,9,0,18,19,-1,7,7,0,14,23,-9,Monday,August,29.2,17.5,92,71.0,101.64,20,0.0,0.0,0.0,0.0,13.28,1.5,61,8,11,15,0,4,0,15,4,1440979200
243,40,29,11,12,4,8,1,0,1,10,12,-2,12,7,5,22,22,0,Tuesday,September,29.0,17.7,97,77.5,101.73,16,0.0,0.0,0.0,0.0,13.25,4.0,77,7,15,17,0,9,0,31,7,1441065600
244,41,30,11,6,9,-3,3,4,-1,30,17,13,9,5,4,17,18,-1,Wednesday,September,33.3,20.2,84,64.0,101.49,19,0.0,0.0,0.0,0.0,13.2,4.0,40,8,9,20,0,4,0,15,6,1441152000
245,59,48,11,8,10,-2,16,16,0,16,23,-7,4,6,-2,26,24,2,Thursday,September,29.8,21.3,95,77.5,101.38,25,0.0,0.0,0.0,0.0,13.13,5.5,35,8,15,14,0,10,0,21,4,1441238400
246,35,39,-4,10,6,4,1,1,0,9,14,-5,11,7,4,27,26,1,Friday,September,27.9,21.3,88,61.5,101.83,27,0.0,0.0,0.0,0.0,13.08,4.0,53,9,14,23,0,6,0,18,3,1441324800
247,42,46,-4,6,8,-2,2,3,-1,34,15,19,10,9,1,17,22,-5,Saturday,September,29.7,18.8,87,72.0,102.06,17,0.0,0.0,0.0,0.0,13.05,2.5,51,8,7,16,0,5,0,20,1,1441411200
248,49,46,3,8,9,-1,3,2,1,20,17,3,5,11,-6,26,24,2,Sunday,September,31.7,19.4,90,68.0,101.84,21,0.0,0.0,0.0,0.0,13.0,4.0,49,5,8,13,1,7,0,15,2,1441497600
249,50,57,-7,9,11,-2,13,7,6,16,19,-3,7,11,-4,36,27,9,Monday,September,34.0,21.0,84,63.5,101.47,32,0.4,0.4,0.0,0.0,12.95,3.5,36,6,12,19,0,8,0,16,4,1441584000
250,95,44,51,14,8,6,10,2,8,24,21,3,8,7,1,23,24,-1,Tuesday,September,29.4,21.9,95,76.5,101.22,17,8.8,8.8,0.0,0.0,12.9,7.0,48,6,8,23,0,8,0,10,2,1441670400
251,43,51,-8,5,9,-4,5,6,-1,15,16,-1,6,3,3,29,24,5,Wednesday,September,25.5,15.4,89,69.0,101.12,22,3.2,3.2,0.0,0.0,12.85,6.0,37,5,13,25,0,6,0,20,1,1441756800
252,46,30,16,9,5,4,0,4,-4,16,12,4,6,9,-3,23,12,11,Thursday,September,23.7,13.0,70,52.5,101.36,19,0.0,0.0,0.0,0.0,12.82,5.0,40,11,20,27,0,10,0,25,2,1441843200
253,45,36,9,7,9,-2,15,15,0,13,21,-8,8,9,-1,26,22,4,Friday,September,23.0,13.0,83,67.0,101.18,25,6.8,6.8,0.0,0.0,12.75,4.0,49,10,17,28,0,7,0,25,1,1441929600
254,43,43,0,11,5,6,17,17,0,10,17,-7,8,8,0,23,23,0,Saturday,September,16.1,12.0,92,78.5,101.12,32,15.2,15.2,0.0,0.0,12.7,7.5,34,10,5,22,1,9,0,18,3,1442016000
255,50,40,10,12,12,0,2,8,-6,26,25,1,4,11,-7,14,24,-10,Sunday,September,14.6,10.0,84,75.0,101.06,33,2.8,2.8,0.0,0.0,12.65,4.0,58,3,5,14,0,4,0,30,2,1442102400
256,34,39,-5,9,9,0,3,4,-1,17,21,-4,13,7,6,31,19,12,Monday,September,23.9,9.2,84,62.0,101.78,30,0.0,0.0,0.0,0.0,12.6,1.0,31,6,16,21,0,6,0,23,3,1442188800
257,53,58,-5,7,6,1,15,17,-2,25,16,9,8,8,0,26,31,-5,Tuesday,September,28.4,13.2,86,64.5,102.42,19,0.0,0.0,0.0,0.0,12.55,3.5,43,8,16,26,0,10,0,25,1,1442275200
258,40,38,2,5,7,-2,2,4,-2,13,14,-1,8,9,-1,18,14,4,Wednesday,September,28.3,16.2,69,57.5,102.47,18,0.0,0.0,0.0,0.0,12.52,1.0,43,9,15,28,0,8,0,22,3,1442361600
259,45,35,10,10,11,-1,6,2,4,27,24,3,7,6,1,17,22,-5,Thursday,September,27.7,15.7,77,63.0,101.88,20,0.0,0.0,0.0,0.0,12.47,1.5,35,11,14,22,0,10,0,16,1,1442448000
260,30,34,-4,7,6,1,1,1,0,13,12,1,12,6,6,11,19,-8,Friday,September,27.4,16.2,76,61.0,101.33,25,0.0,0.0,0.0,0.0,12.42,4.0,40,10,11,32,0,17,0,27,1,1442534400
261,47,49,-2,5,13,-8,7,6,1,12,18,-6,5,4,1,29,18,11,Saturday,September,25.2,12.2,88,75.5,100.97,42,11.4,11.4,0.0,0.0,12.35,5.0,48,8,12,16,0,14,0,30,4,1442620800
262,50,50,0,14,7,7,7,11,-4,14,15,-1,12,5,7,19,23,-4,Sunday,September,18.5,9.7,83,66.0,102.01,19,0.0,0.0,0.0,0.0,12.3,4.0,65,7,13,17,0,10,1,20,1,1442707200
263,38,31,7,8,4,4,1,2,-1,10,10,0,4,8,-4,12,20,-8,Monday,September,19.8,10.6,83,68.5,102.36,20,0.0,0.0,0.0,0.0,12.25,3.5,28,7,11,20,0,3,0,23,2,1442793600
264,33,40,-7,5,9,-4,20,15,5,23,19,4,12,7,5,28,24,4,Tuesday,September,22.1,9.7,90,72.0,102.35,16,0.0,0.0,0.0,0.0,12.2,3.5,39,11,7,17,1,9,0,21,4,1442880000
265,51,45,6,12,13,-1,11,13,-2,27,24,3,5,10,-5,27,25,2,Wednesday,September,24.4,12.9,97,67.0,102.6,14,0.0,0.0,0.0,0.0,12.17,1.5,50,11,10,25,0,5,0,34,2,1442966400
266,41,28,13,11,7,4,5,3,2,17,14,3,5,3,2,28,20,8,Thursday,September,23.0,14.8,92,78.5,102.74,19,0.0,0.0,0.0,0.0,12.12,4.0,45,11,9,19,0,10,0,25,0,1443052800
267,54,43,11,16,11,5,9,8,1,24,18,6,6,8,-2,23,23,0,Friday,September,21.5,12.6,76,66.5,102.85,18,0.0,0.0,0.0,0.0,12.07,5.0,37,12,16,17,0,8,0,38,3,1443139200
268,45,33,12,9,8,1,1,2,-1,26,18,8,6,10,-4,9,20,-11,Saturday,September,20.1,10.0,90,73.0,103.0,19,0.0,0.0,0.0,0.0,12.02,3.5,52,12,9,24,0,6,1,25,1,1443225600
269,26,46,-20,9,12,-3,7,5,2,22,19,3,5,7,-2,19,24,-5,Sunday,September,21.4,10.8,96,76.0,102.42,18,0.0,0.0,0.0,0.0,11.95,4.0,48,8,7,22,0,9,1,18,0,1443312000
270,49,53,-4,14,12,2,6,14,-8,19,18,1,5,7,-2,24,28,-4,Monday,September,22.3,18.3,93,84.0,101.78,19,0.2,0.2,0.0,0.0,11.9,5.5,40,9,9,23,0,6,0,15,4,1443398400
271,38,33,5,9,11,-2,1,3,-2,15,18,-3,5,11,-6,17,27,-10,Tuesday,September,22.5,14.0,92,82.0,101.49,38,13.2,13.2,0.0,0.0,11.87,7.5,37,10,4,13,0,4,0,23,3,1443484800
272,56,40,16,9,12,-3,19,14,5,26,17,9,9,7,2,19,22,-3,Wednesday,September,17.4,7.3,79,60.0,102.06,32,0.0,0.0,0.0,0.0,11.82,5.0,38,6,8,13,0,3,0,9,3,1443571200
273,41,43,-2,8,6,2,4,7,-3,29,21,8,8,10,-2,29,22,7,Thursday,October,15.1,4.2,72,53.0,102.76,28,0.0,0.0,0.0,0.0,11.77,2.5,52,12,6,20,0,13,1,26,7,1443657600
274,52,51,1,11,9,2,15,16,-1,22,19,3,10,7,3,25,22,3,Friday,October,12.2,5.1,68,53.0,103.1,28,0.0,0.0,0.0,0.0,11.72,4.0,35,15,6,15,0,9,0,34,3,1443744000
275,43,45,-2,9,9,0,13,12,1,11,17,-6,7,7,0,29,23,6,Saturday,October,11.6,6.3,71,58.5,102.95,37,1.6,1.6,0.0,0.0,11.65,7.0,43,12,7,19,0,3,0,24,2,1443830400
276,44,42,2,9,6,3,2,0,2,21,12,9,2,4,-2,16,17,-1,Sunday,October,14.5,9.1,84,74.0,102.58,35,0.2,0.2,0.0,0.0,11.62,5.5,55,7,5,9,0,7,1,31,2,1443916800
277,45,40,5,15,4,11,3,5,-2,28,18,10,6,8,-2,17,19,-2,Monday,October,14.4,10.3,92,82.5,102.26,13,0.6,0.6,0.0,0.0,11.57,6.0,42,14,11,27,0,6,0,29,2,1444003200
278,39,42,-3,18,8,10,15,16,-1,23,18,5,9,7,2,21,19,2,Tuesday,October,16.6,10.2,93,80.0,101.89,18,0.0,0.0,0.0,0.0,11.52,4.5,43,6,17,20,0,11,0,31,2,1444089600
279,38,44,-6,25,14,11,3,7,-4,27,22,5,7,8,-1,24,24,0,Wednesday,October,21.5,9.1,89,69.0,101.86,29,0.0,0.0,0.0,0.0,11.47,3.5,40,12,8,17,0,5,0,21,1,1444176000
280,41,50,-9,7,11,-4,11,13,-2,13,17,-4,11,8,3,35,26,9,Thursday,October,15.2,7.3,93,75.5,101.74,18,13.4,13.4,0.0,0.0,11.42,4.0,37,9,7,14,0,6,0,30,1,1444262400
281,42,37,5,18,11,7,7,4,3,24,20,4,7,8,-1,22,22,0,Friday,October,16.7,5.9,95,80.5,101.44,42,0.6,0.6,0.0,0.0,11.37,4.0,46,13,13,26,0,5,0,31,1,1444348800
282,59,54,5,6,9,-3,18,13,5,21,17,4,12,10,2,38,27,11,Saturday,October,15.6,4.2,88,68.5,101.87,18,0.0,0.0,0.0,0.0,11.32,4.0,60,12,7,20,0,9,0,25,4,1444435200
283,34,39,-5,6,10,-4,6,9,-3,18,17,1,7,9,-2,35,25,10,Sunday,October,23.1,10.7,77,55.5,100.94,36,0.0,0.0,0.0,0.0,11.27,3.0,52,4,12,18,0,3,0,21,1,1444521600
284,43,53,-10,8,11,-3,9,8,1,14,19,-5,10,10,0,19,26,-7,Monday,October,22.6,13.2,82,60.0,100.1,36,0.0,0.0,0.0,0.0,11.23,4.0,39,11,5,11,0,0,0,30,1,1444608000
285,44,44,0,10,12,-2,18,18,0,16,20,-4,5,6,-1,20,24,-4,Tuesday,October,18.6,10.5,87,73.0,99.81,36,0.4,0.4,0.0,0.0,11.17,6.0,29,8,1,13,0,13,0,33,1,1444694400
286,45,41,4,14,11,3,5,5,0,18,17,1,12,6,6,21,22,-1,Wednesday,October,12.5,5.6,78,63.0,100.86,30,0.0,0.0,0.0,0.0,11.12,3.5,40,14,11,24,0,12,0,24,0,1444780800
287,39,50,-11,9,9,0,10,6,4,23,17,6,6,8,-2,14,28,-14,Thursday,October,18.6,4.3,85,61.5,101.04,35,4.4,4.4,0.0,0.0,11.08,4.0,31,11,12,29,1,6,0,25,3,1444867200
288,49,48,1,11,10,1,11,11,0,21,12,9,5,7,-2,25,25,0,Friday,October,13.1,1.7,87,68.5,101.52,44,1.0,1.0,0.0,0.0,11.03,4.5,45,8,10,30,0,5,0,36,3,1444953600
289,34,28,6,17,7,10,1,2,-1,13,13,0,9,4,5,22,14,8,Saturday,October,5.9,-2.0,84,70.5,102.33,23,0.0,0.0,0.0,0.0,10.97,4.0,47,8,5,15,0,4,1,37,2,1445040000
290,47,43,4,10,9,1,15,10,5,23,20,3,3,8,-5,20,24,-4,Sunday,October,6.4,-2.9,78,61.0,102.82,22,0.0,0.0,0.0,0.0,10.93,4.0,31,8,8,8,0,12,0,20,0,1445126400
291,51,41,10,4,5,-1,1,2,-1,25,17,8,8,4,4,23,21,2,Monday,October,15.9,-1.9,78,58.0,102.21,39,0.8,0.8,0.0,0.0,10.88,4.0,39,9,7,34,0,8,0,35,2,1445212800
292,34,46,-12,10,8,2,5,5,0,22,22,0,9,8,1,18,20,-2,Tuesday,October,18.0,11.5,77,59.5,101.89,29,0.4,0.4,0.0,0.0,10.83,7.5,36,7,6,21,0,10,0,33,3,1445299200
293,47,43,4,8,9,-1,4,2,2,20,17,3,8,5,3,15,27,-12,Wednesday,October,12.8,9.3,93,81.0,102.15,17,0.6,0.6,0.0,0.0,10.78,7.0,40,10,13,23,0,9,0,19,0,1445385600
294,45,39,6,8,9,-1,12,6,6,19,23,-4,9,7,2,24,26,-2,Thursday,October,16.3,4.8,93,68.0,102.03,36,0.0,0.0,0.0,0.0,10.73,4.5,42,7,7,25,0,7,0,21,4,1445472000
295,31,38,-7,15,9,6,5,3,2,28,18,10,9,9,0,23,17,6,Friday,October,9.2,0.7,72,58.5,102.77,22,0.0,0.0,0.0,0.0,10.7,3.5,33,15,6,16,0,13,0,24,3,1445558400
296,46,45,1,6,6,0,3,3,0,11,16,-5,9,13,-4,35,24,11,Saturday,October,16.0,7.0,94,80.5,101.58,31,3.6,3.6,0.0,0.0,10.65,7.0,37,14,4,27,0,2,0,25,5,1445644800
297,60,47,13,10,12,-2,3,7,-4,17,19,-2,23,8,15,16,24,-8,Sunday,October,13.6,3.0,83,65.0,101.87,34,0.0,0.0,0.0,0.0,10.58,4.0,46,13,7,14,0,5,1,26,4,1445731200
298,29,38,-9,18,9,9,1,1,0,6,10,-4,4,5,-1,16,20,-4,Monday,October,10.2,1.9,88,71.5,103.15,17,0.0,0.0,0.0,0.0,10.55,4.0,38,8,6,20,0,4,0,24,2,1445817600
299,43,49,-6,17,15,2,13,11,2,28,25,3,9,10,-1,47,24,23,Tuesday,October,11.2,2.1,85,67.5,102.97,23,0.0,0.0,0.0,0.0,10.52,5.5,45,12,5,25,0,4,1,18,1,1445904000
300,50,47,3,11,11,0,10,13,-3,25,18,7,5,8,-3,34,23,11,Wednesday,October,14.8,8.8,96,82.5,100.97,34,37.4,37.4,0.0,0.0,10.45,7.0,33,10,5,24,0,3,0,21,2,1445990400
301,36,38,-2,9,10,-1,1,0,1,15,10,5,8,7,1,17,15,2,Thursday,October,14.0,6.3,92,68.0,100.04,53,0.2,0.2,0.0,0.0,10.42,5.0,46,8,6,16,0,5,0,21,2,1446076800
302,43,43,0,16,11,5,1,4,-3,24,17,7,9,5,4,22,24,-2,Friday,October,9.9,0.9,82,64.0,101.38,39,0.0,0.0,0.0,0.0,10.37,3.5,52,9,13,17,0,12,0,21,2,1446163200
303,37,47,-10,7,9,-2,2,6,-4,21,11,10,8,5,3,23,18,5,Saturday,October,10.4,0.9,84,73.0,101.53,15,2.4,2.4,0.0,0.0,10.33,4.5,60,10,3,17,0,23,1,16,0,1446249600
304,28,35,-7,5,7,-2,3,1,2,17,23,-6,9,7,2,20,27,-7,Sunday,November,15.4,4.7,94,72.0,100.93,56,3.0,3.0,0.0,0.0,10.27,4.0,97,17,7,15,0,11,0,33,6,1446336000
305,48,47,1,11,10,1,12,12,0,12,17,-5,5,6,-1,15,24,-9,Monday,November,14.5,3.7,87,70.5,101.76,16,0.0,0.0,0.0,0.0,10.23,3.5,38,9,8,23,0,8,0,30,1,1446422400
306,34,43,-9,10,5,5,4,6,-2,20,23,-3,6,11,-5,30,23,7,Tuesday,November,21.0,8.9,82,64.5,102.08,17,0.0,0.0,0.0,0.0,10.2,3.0,32,8,8,17,0,4,0,13,2,1446508800
307,34,49,-15,5,10,-5,13,11,2,35,20,15,4,5,-1,28,25,3,Wednesday,November,16.3,7.5,94,80.0,102.3,12,0.0,0.0,0.0,0.0,10.13,1.5,47,12,6,32,0,11,1,17,1,1446595200
308,34,50,-16,10,9,1,9,5,4,19,23,-4,11,10,1,40,28,12,Thursday,November,20.4,10.0,93,79.0,101.7,15,0.2,0.2,0.0,0.0,10.1,6.5,45,13,1,21,0,5,0,25,1,1446681600
309,57,53,4,4,10,-6,13,14,-1,10,15,-5,9,7,2,22,22,0,Friday,November,18.8,7.5,93,75.5,100.97,57,3.0,3.0,0.0,0.0,10.07,7.0,48,10,11,17,0,14,0,26,4,1446768000
310,40,47,-7,13,12,1,5,3,2,18,21,-3,11,6,5,24,25,-1,Saturday,November,12.5,1.6,91,71.5,102.06,36,0.0,0.0,0.0,0.0,10.02,4.0,52,11,4,16,0,7,0,27,1,1446854400
311,42,43,-1,7,7,0,15,13,2,28,15,13,1,8,-7,26,18,8,Sunday,November,10.5,0.5,88,68.5,102.76,22,0.0,0.0,0.0,0.0,9.97,1.5,45,5,4,17,0,6,0,23,3,1446940800
312,73,64,9,10,9,1,8,11,-3,7,17,-10,11,5,6,22,26,-4,Monday,November,11.1,-0.2,85,69.0,102.64,14,0.0,0.0,0.0,0.0,9.93,1.0,55,9,9,24,0,10,0,26,2,1447027200
313,42,42,0,15,10,5,12,15,-3,24,20,4,7,7,0,29,30,-1,Tuesday,November,9.5,0.2,96,85.0,101.84,16,15.0,15.0,0.0,0.0,9.88,4.0,39,13,7,16,2,8,0,29,2,1447113600
314,35,42,-7,11,10,1,3,5,-2,14,22,-8,4,10,-6,24,22,2,Wednesday,November,13.2,6.5,96,78.0,101.35,15,1.4,1.4,0.0,0.0,9.85,4.0,49,9,4,17,0,8,0,23,3,1447200000
315,44,39,5,8,12,-4,13,13,0,14,17,-3,9,4,5,32,21,11,Thursday,November,12.5,6.8,94,79.5,100.11,56,2.2,2.2,0.0,0.0,9.82,5.0,33,7,2,24,0,9,0,20,1,1447286400
316,32,40,-8,15,11,4,18,16,2,25,18,7,16,7,9,19,21,-2,Friday,November,9.2,1.9,77,66.0,100.49,48,0.0,0.0,0.0,0.0,9.77,5.5,46,11,13,32,2,6,1,24,3,1447372800
317,29,43,-14,8,11,-3,1,12,-11,13,20,-7,13,6,7,33,27,6,Saturday,November,5.8,1.0,74,64.0,101.9,34,0.0,0.0,0.0,0.0,9.73,4.0,48,8,1,17,0,11,0,23,2,1447459200
318,46,46,0,17,10,7,14,18,-4,18,26,-8,7,7,0,38,28,10,Sunday,November,15.4,1.4,80,63.5,102.12,25,0.0,0.0,0.0,0.0,9.7,3.0,42,7,6,14,0,7,0,22,1,1447545600
319,41,39,2,9,6,3,4,4,0,24,19,5,10,7,3,35,19,16,Monday,November,12.4,1.8,92,76.0,102.58,15,0.0,0.0,0.0,0.0,9.67,3.5,52,6,6,29,0,12,0,19,1,1447632000
320,43,46,-3,9,9,0,0,4,-4,13,14,-1,12,5,7,28,17,11,Tuesday,November,9.3,1.6,84,77.0,102.68,24,0.0,0.0,0.0,0.0,9.62,4.0,40,7,6,26,0,14,2,20,1,1447718400
321,49,28,21,5,4,1,2,0,2,17,7,10,4,4,0,27,16,11,Wednesday,November,14.0,8.7,82,70.0,101.68,23,1.0,1.0,0.0,0.0,9.58,7.5,33,8,12,21,0,11,0,26,2,1447804800
322,55,52,3,9,10,-1,12,17,-5,19,17,2,8,7,1,24,24,0,Thursday,November,16.1,3.5,88,64.0,101.22,39,2.2,2.2,0.0,0.0,9.55,4.0,39,13,7,22,0,8,0,23,1,1447891200
323,31,44,-13,6,9,-3,12,15,-3,27,19,8,4,8,-4,20,26,-6,Friday,November,6.6,1.1,60,49.5,102.04,40,0.0,0.0,0.0,0.0,9.52,3.5,48,10,6,18,0,8,0,26,4,1447977600
324,37,46,-9,9,10,-1,14,13,1,30,19,11,10,8,2,34,24,10,Saturday,November,6.1,1.0,91,73.5,101.31,28,4.6,4.6,0.0,0.0,9.48,7.5,49,5,6,21,0,6,0,37,3,1448064000
325,28,36,-8,5,7,-2,1,2,-1,19,19,0,15,6,9,24,16,8,Sunday,November,3.7,-5.8,83,71.5,101.09,43,0.0,0.0,0.0,0.0,9.45,4.0,47,11,5,11,0,3,0,33,3,1448150400
326,23,37,-14,6,9,-3,2,2,0,16,18,-2,3,6,-3,16,17,-1,Monday,November,2.3,-6.8,89,67.0,102.05,20,0.4,0.0,0.4,0.0,9.42,4.0,32,7,8,18,0,4,0,21,3,1448236800
327,51,39,12,7,6,1,0,1,-1,13,15,-2,10,8,2,23,24,-1,Tuesday,November,6.3,-1.3,89,74.5,102.61,29,0.4,0.0,0.6,1.0,9.38,5.0,44,12,4,18,0,10,0,18,2,1448323200
328,56,43,13,8,11,-3,20,16,4,15,20,-5,8,9,-1,30,20,10,Wednesday,November,7.9,-2.8,92,74.0,103.37,17,0.0,0.0,0.0,0.0,9.35,3.0,32,19,8,16,0,8,0,24,1,1448409600
329,34,41,-7,5,6,-1,2,0,2,10,14,-4,3,4,-1,14,22,-8,Thursday,November,15.3,4.9,79,64.5,102.89,32,0.0,0.0,0.0,0.0,9.33,5.5,41,12,3,19,0,12,0,15,1,1448496000
330,42,41,1,7,11,-4,13,13,0,14,19,-5,6,7,-1,18,21,-3,Friday,November,15.2,0.3,92,71.0,102.43,35,2.0,2.0,0.0,0.0,9.3,7.0,36,7,3,21,0,12,0,15,1,1448582400
331,46,49,-3,8,10,-2,18,19,-1,16,21,-5,11,6,5,26,25,1,Saturday,November,1.9,-4.0,83,72.5,102.78,22,0.0,0.0,0.0,0.0,9.27,4.0,36,6,2,12,1,7,0,12,0,1448668800
332,41,42,-1,15,11,4,24,12,12,33,19,14,11,8,3,23,26,-3,Sunday,November,4.5,-5.9,85,70.0,102.91,16,0.0,0.0,0.0,0.0,9.23,4.0,44,9,5,8,0,5,1,20,1,1448755200
333,39,35,4,8,6,2,4,1,3,15,14,1,7,6,1,17,16,1,Monday,November,3.5,-0.8,81,70.5,102.66,19,0.0,0.0,0.0,0.0,9.22,5.0,28,12,4,15,1,8,1,27,3,1448841600
334,69,36,33,7,6,1,8,12,-4,12,16,-4,7,5,2,25,18,7,Tuesday,December,8.1,0.8,96,90.0,101.6,23,1.6,1.6,0.0,0.0,9.18,5.5,67,17,1,22,0,5,0,26,4,1448928000
335,22,33,-11,5,6,-1,6,2,4,29,18,11,8,9,-1,20,20,0,Wednesday,December,6.9,1.2,93,77.5,100.92,28,0.0,0.0,0.0,0.0,9.17,4.5,22,12,4,16,0,6,0,10,2,1449014400
336,53,50,3,16,12,4,12,16,-4,19,21,-2,9,10,-1,21,28,-7,Thursday,December,6.3,1.8,83,71.0,101.72,36,0.0,0.0,0.0,0.0,9.15,5.5,36,4,5,25,0,8,0,10,3,1449100800
337,39,30,9,7,5,2,0,1,-1,18,14,4,7,3,4,32,19,13,Friday,December,5.5,3.4,75,70.0,103.05,36,0.0,0.0,0.0,0.0,9.12,7.5,41,7,5,23,0,7,0,27,1,1449187200
338,39,46,-7,15,10,5,18,11,7,17,24,-7,6,8,-2,23,20,3,Saturday,December,7.8,-2.2,93,82.0,103.76,18,0.0,0.0,0.0,0.0,9.1,4.0,44,6,2,15,0,8,1,28,2,1449273600
339,35,35,0,9,8,1,9,9,0,24,17,7,10,6,4,21,19,2,Sunday,December,4.6,-2.6,95,86.0,102.92,13,0.0,0.0,0.0,0.0,9.08,4.0,60,11,2,12,0,8,0,37,2,1449360000
340,38,38,0,11,7,4,1,3,-2,18,18,0,11,6,5,25,18,7,Monday,December,5.6,-1.8,93,83.5,102.26,15,0.0,0.0,0.0,0.0,9.07,6.0,39,10,11,25,0,8,0,20,2,1449446400
341,32,39,-7,7,11,-4,24,16,8,24,18,6,7,5,2,21,24,-3,Tuesday,December,5.2,3.2,89,79.0,101.77,18,0.0,0.0,0.0,0.0,9.05,7.0,32,10,4,13,0,12,0,21,1,1449532800
342,48,46,2,19,11,8,9,12,-3,31,24,7,11,6,5,19,27,-8,Wednesday,December,11.1,3.8,94,77.5,101.0,28,0.0,0.0,0.0,0.0,9.03,4.5,41,9,4,24,0,10,0,35,4,1449619200
343,40,38,2,14,8,6,2,3,-1,26,23,3,10,6,4,20,22,-2,Thursday,December,12.0,4.1,91,80.0,100.79,25,0.0,0.0,0.0,0.0,9.02,4.5,39,10,6,28,0,7,0,37,2,1449705600
344,60,54,6,9,13,-4,6,6,0,13,21,-8,6,8,-2,20,24,-4,Friday,December,14.0,3.1,80,63.5,100.96,45,0.0,0.0,0.0,0.0,9.0,4.0,41,8,4,29,1,8,2,29,1,1449792000
345,46,40,6,16,11,5,1,4,-3,10,21,-11,11,7,4,22,23,-1,Saturday,December,8.6,0.9,88,76.5,101.88,13,0.0,0.0,0.0,0.0,8.98,4.0,54,4,4,16,0,12,1,19,0,1449878400
346,29,42,-13,9,9,0,3,4,-1,13,18,-5,5,8,-3,21,31,-10,Sunday,December,7.9,4.9,95,86.0,101.69,21,0.2,0.2,0.0,0.0,8.97,8.0,38,10,6,11,0,8,0,30,1,1449964800
347,45,43,2,7,10,-3,10,15,-5,22,21,1,5,8,-3,36,25,11,Monday,December,12.7,6.0,95,86.0,100.16,30,5.0,5.0,0.0,0.0,8.97,7.0,31,6,10,19,0,5,0,30,2,1450051200
348,33,42,-9,5,11,-6,13,14,-1,15,22,-7,7,5,2,21,23,-2,Tuesday,December,9.4,0.8,87,76.5,100.57,40,0.0,0.0,0.0,0.0,8.95,4.5,39,15,4,24,1,9,1,28,2,1450137600
349,51,50,1,11,12,-1,3,5,-2,10,17,-7,7,9,-2,19,27,-8,Wednesday,December,6.1,0.8,93,87.5,101.3,24,0.4,0.4,0.0,0.0,8.93,6.5,44,10,3,35,0,6,0,31,2,1450224000
350,49,55,-6,12,7,5,19,16,3,19,16,3,4,8,-4,23,25,-2,Thursday,December,10.1,1.7,92,74.0,100.76,37,0.0,0.0,0.0,0.0,8.93,4.5,45,15,3,28,0,6,0,17,3,1450310400
351,38,54,-16,12,6,6,16,8,8,23,17,6,8,9,-1,23,32,-9,Friday,December,2.7,-3.1,70,59.0,101.02,31,0.0,0.0,0.0,0.0,8.93,5.5,43,6,6,34,0,13,0,21,2,1450396800
352,53,45,8,12,12,0,4,9,-5,21,21,0,12,5,7,21,29,-8,Saturday,December,-1.1,-3.7,64,58.0,101.99,40,0.0,0.0,0.0,0.0,8.92,5.0,48,6,3,19,0,3,0,21,1,1450483200
353,31,37,-6,18,9,9,0,2,-2,25,17,8,5,7,-2,26,22,4,Sunday,December,5.6,-4.0,70,58.0,102.46,26,0.0,0.0,0.0,0.0,8.93,6.0,35,5,2,12,1,8,0,16,2,1450569600
354,50,37,13,16,8,8,4,0,4,24,17,7,12,6,6,21,17,4,Monday,December,8.1,4.7,95,69.0,101.38,25,3.6,3.6,0.0,0.0,8.92,8.0,26,6,6,24,0,5,0,17,1,1450656000
355,38,42,-4,10,7,3,6,3,3,11,16,-5,8,7,1,30,23,7,Tuesday,December,13.8,4.5,96,84.0,101.2,23,0.6,0.6,0.0,0.0,8.93,4.5,37,4,3,15,0,12,1,15,3,1450742400
356,46,61,-15,7,11,-4,6,6,0,22,19,3,2,7,-5,16,26,-10,Wednesday,December,13.2,4.5,96,90.0,100.79,19,0.4,0.4,0.0,0.0,8.92,5.0,45,9,5,20,0,10,0,16,1,1450828800
357,35,45,-10,7,7,0,3,2,1,9,15,-6,10,5,5,27,20,7,Thursday,December,15.4,5.1,92,62.5,100.82,44,0.0,0.0,0.0,0.0,8.93,4.5,46,6,5,12,0,10,0,20,1,1450915200
358,32,38,-6,10,8,2,12,16,-4,25,23,2,4,9,-5,11,25,-14,Friday,December,10.2,0.1,79,63.5,102.56,22,0.0,0.0,0.0,0.0,8.92,4.0,37,3,3,18,0,2,0,14,1,1451001600
359,42,51,-9,8,8,0,4,7,-3,13,18,-5,9,5,4,31,25,6,Saturday,December,4.2,-1.8,94,84.0,102.6,28,1.6,1.6,0.0,0.0,8.93,5.0,33,3,2,13,0,5,0,16,2,1451088000
360,49,45,4,8,9,-1,17,16,1,25,22,3,11,7,4,36,33,3,Sunday,December,3.5,-1.7,95,81.0,102.08,39,3.6,3.6,0.0,0.0,8.95,7.0,31,5,2,14,0,8,0,15,2,1451174400
361,77,46,31,7,7,0,15,15,0,17,21,-4,9,10,-1,31,26,5,Monday,December,0.2,-6.7,91,71.0,102.56,39,14.8,11.8,3.2,0.0,8.93,4.5,46,9,0,16,0,6,0,23,4,1451260800
362,60,43,17,10,10,0,12,16,-4,20,19,1,8,9,-1,24,29,-5,Tuesday,December,4.0,0.3,95,89.0,101.46,45,13.6,13.6,0.0,2.0,8.95,7.5,35,4,1,16,0,8,0,26,0,1451347200
363,42,38,4,6,10,-4,10,4,6,32,17,15,6,10,-4,26,20,6,Wednesday,December,3.9,0.7,92,82.0,102.06,23,0.0,0.0,0.0,1.0,8.97,7.5,29,4,2,11,1,6,0,22,1,1451433600
364,36,38,-2,18,12,6,6,7,-1,16,21,-5,12,6,6,28,23,5,Thursday,December,1.1,-0.3,90,77.0,101.95,30,0.2,0.2,0.0,0.0,8.98,8.0,39,10,1,19,0,5,1,24,3,1451520000
365,53,51,2,12,11,1,18,16,2,24,23,1,17,6,11,35,30,5,Friday,January,-0.3,-4.2,84,74.5,101.63,35,0.8,0.0,0.8,0.0,8.98,5.5,133,6,3,13,0,8,1,20,7,1451606400
