,assault_count_true_value,assault_count_pred_value,assault_count_pred_delta,auto_theft_count_true_value,auto_theft_count_pred_value,auto_theft_count_pred_delta,bicycle_theft_count_true_value,bicycle_theft_count_pred_value,bicycle_theft_count_pred_delta,break_and_enter_count_true_value,break_and_enter_count_pred_value,break_and_enter_count_pred_delta,homicide_count_true_value,homicide_count_pred_value,homicide_count_pred_delta,robbery_count_true_value,robbery_count_pred_value,robbery_count_pred_delta,shooting_count_true_value,shooting_count_pred_value,shooting_count_pred_delta,theft_from_motor_vehicle_count_true_value,theft_from_motor_vehicle_count_pred_value,theft_from_motor_vehicle_count_pred_delta,theft_over_count_true_value,theft_over_count_pred_value,theft_over_count_pred_delta
0,60,56.847343,3.1526565551757812,6,9.676411,-3.676410675048828,16,13.112838,2.887162208557129,16,17.135227,-1.1352272033691406,0,0.0,0.0,3,5.8748736,-2.874873638153076,0,0.0,0.0,20,25.954441,-5.954441070556641,2,3.6695347,-1.669534683227539
1,43,46.12699,-3.1269912719726562,7,12.070358,-5.0703582763671875,1,4.631532,-3.6315321922302246,19,21.70922,-2.7092208862304688,0,0.0,0.0,6,11.179559,-5.179558753967285,0,0.0,0.0,20,26.948858,-6.948858261108398,2,2.4032338,-0.40323376655578613
2,49,32.970463,16.029537200927734,16,7.5754046,8.424595355987549,3,0.8433181,2.1566818952560425,15,17.05311,-2.053110122680664,0,0.0,0.0,9,7.2337804,1.7662196159362793,0,0.0,0.0,20,20.482723,-0.4827232360839844,2,2.707685,-0.7076849937438965
3,47,44.10943,2.8905715942382812,6,8.6724615,-2.67246150970459,14,14.883496,-0.8834962844848633,18,16.945847,1.0541534423828125,0,0.0,0.0,7,8.449921,-1.449920654296875,0,0.0,0.0,16,27.115076,-11.115076065063477,4,0.09317385,3.90682615339756
4,38,41.770317,-3.7703170776367188,12,12.581498,-0.5814981460571289,3,5.060175,-2.0601749420166016,26,19.945137,6.054862976074219,0,0.0,0.0,11,8.077882,2.9221181869506836,0,0.0,0.0,16,20.95769,-4.95768928527832,5,2.349261,2.6507389545440674
5,47,40.495514,6.504486083984375,9,9.336307,-0.3363065719604492,18,17.8414,0.158599853515625,15,17.497948,-2.4979476928710938,0,0.0,0.0,7,7.872593,-0.8725929260253906,0,0.0,0.0,19,21.774895,-2.7748947143554688,3,3.1756957,-0.17569565773010254
6,38,45.897617,-7.897617340087891,11,9.5602045,1.4397954940795898,10,17.269918,-7.269918441772461,25,21.166397,3.8336029052734375,1,0.0,1.0,13,9.529188,3.4708118438720703,0,0.0,0.0,22,26.181965,-4.181964874267578,1,1.9730158,-0.9730157852172852
7,50,38.68696,11.313041687011719,13,10.168847,2.83115291595459,2,4.0716734,-2.0716733932495117,25,19.621527,5.378473281860352,1,0.0,1.0,6,9.662642,-3.6626415252685547,0,0.0,0.0,16,19.761108,-3.7611083984375,2,1.5543475,0.44565248489379883
8,33,39.476974,-6.4769744873046875,6,8.030636,-2.0306358337402344,10,13.111297,-3.1112966537475586,11,19.28869,-8.288690567016602,0,0.0,0.0,12,9.029468,2.9705324172973633,0,0.0,0.0,20,22.960608,-2.9606075286865234,4,2.3147006,1.6852993965148926
9,38,40.97628,-2.9762802124023438,10,11.296153,-1.2961530685424805,10,11.399997,-1.3999967575073242,15,17.17426,-2.1742591857910156,0,0.0,0.0,10,8.63066,1.369339942932129,0,0.0,0.0,28,23.448757,4.551242828369141,3,3.7682464,-0.7682464122772217
10,61,49.30108,11.698921203613281,3,8.861581,-5.861580848693848,9,12.671589,-3.671588897705078,9,15.951106,-6.951106071472168,0,0.0,0.0,10,9.144955,0.8550453186035156,1,0.0,1.0,20,21.283003,-1.2830028533935547,1,3.4247477,-2.4247477054595947
11,55,52.105293,2.8947067260742188,11,12.2551365,-1.255136489868164,14,13.711217,0.28878307342529297,22,17.744175,4.255825042724609,0,0.0,0.0,13,8.006289,4.993711471557617,0,0.0,0.0,19,25.989796,-6.989795684814453,1,4.799949,-3.7999491691589355
12,40,40.966125,-0.96612548828125,11,9.288059,1.7119407653808594,3,5.583104,-2.583104133605957,14,19.601448,-5.601448059082031,0,0.0,0.0,11,9.407631,1.5923690795898438,0,0.0,0.0,24,21.068048,2.9319515228271484,2,4.1084194,-2.108419418334961
13,33,47.479282,-14.47928237915039,10,8.722918,1.2770824432373047,14,17.526157,-3.5261573791503906,13,17.007362,-4.007362365722656,0,0.0,0.0,7,7.8427777,-0.8427777290344238,0,0.0,0.0,16,21.173443,-5.173442840576172,7,2.8199534,4.180046558380127
14,48,40.663647,7.336353302001953,6,11.741394,-5.74139404296875,1,0.64492416,0.3550758361816406,27,18.910587,8.089412689208984,0,0.0,0.0,6,8.450538,-2.45053768157959,0,0.0,0.0,25,18.483343,6.516656875610352,1,3.3705673,-2.3705673217773438
15,46,43.171864,2.828136444091797,8,7.285974,0.7140259742736816,4,2.9346306,1.0653693675994873,24,22.43397,1.566030502319336,0,0.0,0.0,7,8.525829,-1.5258293151855469,0,0.0,0.0,23,21.767334,1.232666015625,2,4.598648,-2.5986480712890625
16,51,41.92987,9.07012939453125,10,8.810956,1.1890439987182617,15,13.149847,1.8501529693603516,15,18.812649,-3.8126487731933594,0,0.0,0.0,6,6.673681,-0.6736807823181152,0,0.0,0.0,20,21.033491,-1.0334911346435547,0,3.005666,-3.0056660175323486
17,41,43.779064,-2.779064178466797,12,6.062442,5.937558174133301,0,3.6786997,-3.6786997318267822,12,15.279683,-3.2796831130981445,0,0.0,0.0,10,8.462405,1.5375947952270508,0,0.0,0.0,19,18.245995,0.7540054321289062,2,2.3122644,-0.31226444244384766
18,40,39.30318,0.6968193054199219,8,11.705634,-3.705634117126465,5,2.9038787,2.096121311187744,22,22.383142,-0.38314247131347656,0,0.0,0.0,8,8.47106,-0.47105979919433594,0,0.0,0.0,24,21.936543,2.063457489013672,0,0.0,0.0
19,27,35.43019,-8.430191040039062,10,7.772652,2.2273478507995605,2,1.849686,0.15031397342681885,28,14.998905,13.001094818115234,0,0.0,0.0,15,4.017452,10.982548236846924,0,0.0,0.0,33,24.032528,8.967472076416016,1,2.4516664,-1.4516663551330566
20,46,43.0701,2.929901123046875,11,8.775124,2.2248764038085938,9,7.0523505,1.9476494789123535,19,20.145267,-1.1452674865722656,0,0.0,0.0,10,9.838264,0.16173553466796875,0,0.0,0.0,23,22.551994,0.44800567626953125,3,3.561366,-0.561366081237793
21,42,42.021538,-0.02153778076171875,4,5.45328,-1.453279972076416,10,8.335656,1.6643438339233398,19,16.791061,2.2089385986328125,0,0.0,0.0,9,5.2785707,3.7214293479919434,0,0.0,0.0,22,22.82105,-0.8210506439208984,1,1.3618405,-0.36184048652648926
22,51,41.13706,9.86294174194336,13,8.927539,4.072461128234863,14,9.969983,4.030016899108887,15,19.378647,-4.3786468505859375,0,0.0,0.0,7,10.497268,-3.497267723083496,0,0.0,0.0,32,23.080275,8.91972541809082,7,3.190836,3.809164047241211
23,45,43.9895,1.0105018615722656,11,8.953324,2.046675682067871,2,0.3211087,1.6788913011550903,17,19.700878,-2.700878143310547,0,0.0,0.0,3,9.225487,-6.225486755371094,0,0.0,0.0,19,18.682526,0.317474365234375,2,3.9637134,-1.9637134075164795
24,49,52.375496,-3.3754959106445312,9,7.220325,1.779675006866455,8,14.0327635,-6.032763481140137,10,16.740604,-6.740604400634766,1,0.0,1.0,6,6.0655737,-0.06557369232177734,0,0.0,0.0,23,24.115368,-1.1153678894042969,1,1.9821262,-0.9821262359619141
25,49,38.838417,10.161582946777344,11,8.137191,2.862809181213379,17,11.158114,5.841885566711426,18,18.634886,-0.6348857879638672,0,0.0,0.0,10,5.0762196,4.92378044128418,0,0.0,0.0,18,24.268307,-6.268306732177734,4,2.4004285,1.5995714664459229
26,59,49.795063,9.204936981201172,9,9.112123,-0.1121225357055664,6,6.9259243,-0.9259243011474609,21,15.726148,5.273852348327637,0,0.0,0.0,11,9.917429,1.082571029663086,0,1.4678532,-1.4678531885147095,22,22.61219,-0.6121902465820312,1,1.5780393,-0.578039288520813
27,42,39.33738,2.6626205444335938,14,9.743082,4.256917953491211,11,7.9997807,3.0002193450927734,27,21.1844,5.81559944152832,0,0.0,0.0,6,6.361069,-0.3610692024230957,0,0.0,0.0,29,23.333263,5.666736602783203,2,3.2660735,-1.26607346534729
28,46,40.297092,5.702907562255859,11,9.477067,1.522933006286621,4,11.031299,-7.031298637390137,13,18.103065,-5.103065490722656,0,0.0,0.0,12,8.769214,3.2307863235473633,0,0.0,0.0,18,20.965569,-2.9655685424804688,0,1.7545469,-1.754546880722046
29,34,51.118233,-17.11823272705078,9,12.278514,-3.2785139083862305,20,18.293495,1.7065048217773438,18,21.460144,-3.46014404296875,0,0.0,0.0,6,8.021081,-2.02108097076416,0,0.0,0.0,33,32.82153,0.17847061157226562,1,2.5975783,-1.5975782871246338
30,40,50.987408,-10.987407684326172,8,8.971779,-0.9717788696289062,13,13.673282,-0.6732816696166992,14,15.052901,-1.052901268005371,0,0.0,0.0,7,9.001117,-2.0011167526245117,0,0.0,0.0,21,21.03073,-0.030729293823242188,0,2.5504045,-2.5504045486450195
31,34,49.382412,-15.38241195678711,14,10.172965,3.8270349502563477,11,17.232706,-6.232706069946289,25,21.852085,3.1479148864746094,0,0.0,0.0,8,9.590268,-1.5902681350708008,0,0.0,0.0,25,24.948126,0.05187416076660156,1,2.7980127,-1.7980127334594727
32,34,41.72625,-7.726249694824219,8,13.004706,-5.004706382751465,4,5.583579,-1.5835790634155273,23,20.511055,2.4889450073242188,0,0.0,0.0,9,6.8415847,2.1584153175354004,1,0.0,1.0,28,25.646576,2.353424072265625,2,3.560907,-1.5609068870544434
33,36,38.519176,-2.519176483154297,6,7.0273757,-1.0273756980895996,0,5.532441,-5.532441139221191,19,19.097607,-0.09760665893554688,1,0.0,1.0,4,7.5209084,-3.5209083557128906,0,0.0,0.0,28,25.044945,2.9550552368164062,4,2.6357918,1.3642082214355469
34,60,55.437454,4.5625457763671875,10,9.011978,0.9880218505859375,10,11.047913,-1.04791259765625,19,17.999329,1.00067138671875,0,0.0,0.0,6,9.472542,-3.4725418090820312,0,0.0,0.0,25,21.274036,3.725963592529297,4,3.213591,0.7864089012145996
35,50,49.78219,0.21781158447265625,6,10.556453,-4.556452751159668,4,8.357137,-4.3571367263793945,16,18.777962,-2.7779617309570312,1,0.0,1.0,9,9.920466,-0.920466423034668,0,0.0,0.0,27,25.341963,1.6580371856689453,2,1.799741,0.20025897026062012
36,45,44.2178,0.7821998596191406,13,11.892781,1.1072187423706055,6,9.619315,-3.6193151473999023,30,22.397,7.603000640869141,0,0.0,0.0,7,9.001423,-2.001422882080078,0,0.0,0.0,16,24.571028,-8.571027755737305,3,4.3863764,-1.3863763809204102
37,41,50.482002,-9.482002258300781,10,6.0742497,3.925750255584717,2,4.661979,-2.6619791984558105,14,13.458685,0.5413150787353516,0,0.0,0.0,4,6.630936,-2.6309361457824707,0,0.0,0.0,17,25.297428,-8.297428131103516,1,0.66144633,0.33855366706848145
38,53,48.9673,4.0326995849609375,9,9.57706,-0.5770597457885742,8,6.978896,1.021103858947754,18,16.046349,1.9536514282226562,0,0.0,0.0,8,6.2877865,1.7122135162353516,0,0.0,0.0,27,22.74964,4.250360488891602,0,0.53635734,-0.5363573431968689
39,35,45.14795,-10.14794921875,11,8.566689,2.4333114624023438,14,15.7518,-1.7517995834350586,22,19.411766,2.5882339477539062,0,0.0,0.0,10,7.8498907,2.15010929107666,0,0.0,0.0,16,22.66809,-6.6680908203125,1,2.3006997,-1.3006997108459473
40,34,39.266415,-5.266414642333984,6,9.370898,-3.3708982467651367,0,0.21099637,-0.2109963744878769,9,7.857315,1.1426849365234375,0,0.0,0.0,7,8.110713,-1.110713005065918,0,0.0,0.0,26,17.519283,8.480716705322266,0,0.0,0.0
41,40,43.11158,-3.1115798950195312,8,9.883729,-1.8837289810180664,9,15.5097275,-6.509727478027344,20,22.072487,-2.0724868774414062,0,0.0,0.0,4,7.25717,-3.2571702003479004,0,0.0,0.0,15,24.660889,-9.660888671875,6,1.3887119,4.611288070678711
42,40,39.94625,0.05374908447265625,13,11.591872,1.408127784729004,1,1.7757196,-0.7757196426391602,16,18.984776,-2.9847755432128906,0,0.0,0.0,4,8.285439,-4.285438537597656,0,0.0,0.0,14,21.120447,-7.120447158813477,3,1.7517254,1.248274564743042
43,42,47.0265,-5.026500701904297,11,10.000617,0.9993829727172852,14,16.038738,-2.038738250732422,23,17.947962,5.052038192749023,0,0.0,0.0,7,7.918954,-0.9189538955688477,0,0.0,0.0,17,24.217352,-7.217351913452148,2,3.271451,-1.2714509963989258
44,37,42.924484,-5.9244842529296875,15,8.323195,6.676804542541504,9,8.177197,0.8228025436401367,23,21.276072,1.723928451538086,0,0.0,0.0,12,8.211661,3.7883386611938477,0,0.0,0.0,22,23.385073,-1.3850727081298828,3,3.1379175,-0.13791751861572266
45,39,36.31525,2.6847496032714844,10,8.1556225,1.8443775177001953,3,2.7600567,0.239943265914917,19,16.260296,2.739704132080078,0,0.0,0.0,7,8.68206,-1.6820602416992188,0,0.0,0.0,24,18.34417,5.655830383300781,1,2.2045875,-1.204587459564209
46,39,51.530025,-12.530025482177734,14,10.004925,3.995075225830078,13,13.066599,-0.06659889221191406,12,18.171274,-6.171274185180664,0,0.0,0.0,7,7.2109857,-0.21098566055297852,0,0.0,0.0,32,25.796871,6.203128814697266,3,2.789883,0.21011710166931152
47,28,39.421864,-11.421863555908203,4,7.1715407,-3.1715407371520996,1,0.0,1.0,17,16.232395,0.7676048278808594,0,0.0,0.0,5,5.534007,-0.5340070724487305,0,0.0,0.0,24,26.754139,-2.754138946533203,2,0.0,2.0
48,54,56.261795,-2.2617950439453125,8,6.8360844,1.1639156341552734,11,12.287872,-1.287872314453125,10,16.158165,-6.158164978027344,0,0.0,0.0,7,10.026846,-3.026845932006836,0,0.0,0.0,27,22.369831,4.630168914794922,1,1.6053476,-0.6053476333618164
49,47,58.99577,-11.995769500732422,9,10.1175,-1.1175003051757812,12,13.260992,-1.2609920501708984,19,20.1829,-1.1828994750976562,1,0.0,1.0,5,10.702271,-5.702271461486816,0,0.0,0.0,34,27.959957,6.040042877197266,5,3.651511,1.3484890460968018
50,51,49.505173,1.4948272705078125,12,11.469683,0.5303173065185547,16,9.64097,6.359029769897461,14,15.427232,-1.427231788635254,0,0.0,0.0,7,10.218512,-3.2185115814208984,0,0.0,0.0,28,23.372885,4.627115249633789,0,0.6874447,-0.6874446868896484
51,45,55.741608,-10.741607666015625,14,6.664884,7.335115909576416,2,2.7393973,-0.7393972873687744,27,19.968773,7.031227111816406,0,0.0,0.0,6,9.337818,-3.337818145751953,0,0.0,0.0,19,18.14112,0.8588790893554688,3,6.2915864,-3.291586399078369
52,39,39.22305,-0.22304916381835938,2,7.4470825,-5.44708251953125,13,9.738214,3.261786460876465,15,16.982151,-1.9821510314941406,0,0.0,0.0,7,6.864442,0.1355581283569336,0,0.0,0.0,24,18.736996,5.263004302978516,4,3.3046405,0.695359468460083
53,51,53.122322,-2.1223220825195312,10,11.871515,-1.8715152740478516,12,11.824296,0.1757040023803711,12,20.31621,-8.31620979309082,0,0.0,0.0,7,8.791807,-1.7918071746826172,0,0.0,0.0,33,30.067135,2.9328651428222656,3,3.8400552,-0.8400552272796631
54,41,38.943443,2.0565567016601562,8,9.886331,-1.8863306045532227,5,5.5502534,-0.5502533912658691,17,16.729258,0.27074241638183594,0,0.0,0.0,5,8.424686,-3.4246864318847656,0,0.0,0.0,18,20.266409,-2.266408920288086,5,0.8038012,4.19619882106781
55,52,43.507896,8.492103576660156,7,8.821842,-1.8218421936035156,8,10.517438,-2.5174379348754883,17,20.71563,-3.7156295776367188,0,0.0,0.0,8,7.2148724,0.7851276397705078,0,0.0,0.0,22,22.670872,-0.6708717346191406,2,1.896261,0.10373902320861816
56,47,46.535763,0.4642372131347656,7,9.594622,-2.5946216583251953,8,12.066798,-4.066798210144043,26,20.906292,5.093708038330078,0,0.0,0.0,4,8.668358,-4.668357849121094,0,0.0,0.0,16,26.207851,-10.20785140991211,5,2.05307,2.946929931640625
57,45,51.228386,-6.228385925292969,12,9.727851,2.272149085998535,21,15.787582,5.2124176025390625,20,19.47629,0.5237102508544922,0,0.0,0.0,8,9.387142,-1.3871421813964844,0,0.0,0.0,30,27.305887,2.694112777709961,4,3.28291,0.7170898914337158
58,41,44.933746,-3.933746337890625,8,6.3265033,1.6734967231750488,0,3.9818268,-3.9818267822265625,14,15.279849,-1.2798490524291992,0,0.0,0.0,9,10.212076,-1.212076187133789,0,0.0,0.0,18,19.07022,-1.070220947265625,1,3.445754,-2.445754051208496
59,34,47.050266,-13.05026626586914,10,9.673787,0.32621288299560547,26,14.906175,11.093825340270996,21,17.943443,3.0565567016601562,0,0.0,0.0,5,8.001322,-3.001321792602539,0,0.0,0.0,26,23.605354,2.3946456909179688,3,2.7349453,0.26505470275878906
60,36,37.676746,-1.6767463684082031,6,6.952122,-0.9521222114562988,0,1.6226596,-1.6226595640182495,7,21.325218,-14.325218200683594,0,0.0,0.0,3,8.1530485,-5.153048515319824,0,0.0,0.0,18,27.616405,-9.616405487060547,0,1.3695796,-1.369579553604126
61,38,49.224213,-11.224212646484375,14,12.946361,1.0536394119262695,14,15.8948765,-1.894876480102539,14,19.207245,-5.207244873046875,0,0.0,0.0,9,10.115236,-1.1152362823486328,2,0.0,2.0,29,27.219131,1.7808685302734375,2,2.9528751,-0.9528751373291016
62,31,38.68555,-7.685550689697266,10,8.657361,1.3426389694213867,2,0.0,2.0,14,10.612221,3.3877792358398438,0,0.0,0.0,10,5.576642,4.423357963562012,0,0.0,0.0,24,22.35833,1.6416702270507812,1,3.5564203,-2.55642032623291
63,43,39.25923,3.7407684326171875,7,9.130104,-2.1301040649414062,2,3.3945985,-1.3945984840393066,15,15.705218,-0.7052183151245117,0,0.0,0.0,10,8.79318,1.2068195343017578,0,0.0,0.0,20,16.80547,3.194530487060547,2,3.150477,-1.1504769325256348
64,36,49.739986,-13.739986419677734,10,9.638808,0.3611917495727539,12,9.825512,2.174488067626953,10,18.975956,-8.975955963134766,0,0.0,0.0,5,4.207541,0.7924590110778809,0,0.0,0.0,32,28.693441,3.306558609008789,0,3.132486,-3.13248610496521
65,42,41.695427,0.30457305908203125,8,8.7550535,-0.7550535202026367,10,13.512168,-3.5121679306030273,14,19.170969,-5.170969009399414,0,0.0,0.0,6,6.4185376,-0.41853761672973633,0,0.0,0.0,19,21.313505,-2.313505172729492,3,3.329671,-0.32967090606689453
66,44,44.68364,-0.6836395263671875,15,6.0338874,8.966112613677979,4,4.552689,-0.5526890754699707,15,13.142153,1.8578472137451172,1,0.0,1.0,4,10.252771,-6.252771377563477,0,0.44010702,-0.4401070177555084,8,19.79365,-11.793649673461914,2,2.4139936,-0.41399359703063965
67,47,53.67841,-6.678409576416016,7,7.455012,-0.45501184463500977,17,10.3695345,6.630465507507324,9,14.806041,-5.8060407638549805,0,0.0,0.0,10,4.9877267,5.01227331161499,2,0.0,2.0,27,23.430134,3.569866180419922,1,3.9119425,-2.911942481994629
68,40,47.664524,-7.664524078369141,5,8.498074,-3.4980735778808594,3,1.0797155,1.9202845096588135,18,19.437405,-1.4374046325683594,0,0.011429444,-0.011429443955421448,15,8.730521,6.269478797912598,0,0.0,0.0,33,19.649147,13.350852966308594,1,6.4300785,-5.430078506469727
69,40,49.922756,-9.92275619506836,9,6.310334,2.6896657943725586,5,7.013373,-2.0133728981018066,14,16.430058,-2.4300575256347656,0,0.0,0.0,3,5.185674,-2.1856741905212402,0,0.0,0.0,18,25.430954,-7.4309539794921875,1,1.949839,-0.9498389959335327
70,38,41.0642,-3.0642013549804688,7,11.581967,-4.581967353820801,16,17.703234,-1.7032337188720703,13,17.96548,-4.965480804443359,0,0.0,0.0,10,7.110206,2.889793872833252,0,0.0,0.0,29,23.610281,5.389719009399414,2,2.6807249,-0.6807248592376709
71,46,48.76066,-2.7606582641601562,9,11.593716,-2.5937156677246094,5,10.99752,-5.997520446777344,16,17.883785,-1.8837852478027344,1,0.0,1.0,8,5.200972,2.799027919769287,0,0.0,0.0,23,25.214582,-2.2145824432373047,2,1.7965475,0.203452467918396
72,43,31.847881,11.152118682861328,6,5.9051743,0.09482574462890625,0,1.4606862,-1.460686206817627,9,15.287318,-6.287318229675293,0,0.0,0.0,9,3.2878804,5.7121195793151855,0,0.0,0.0,8,17.382692,-9.382692337036133,1,2.154694,-1.1546940803527832
73,30,41.365574,-11.36557388305664,7,9.905402,-2.905402183532715,1,3.4028058,-2.402805805206299,19,22.948689,-3.948688507080078,0,0.0,0.0,12,10.010578,1.9894218444824219,0,0.0,0.0,17,23.099262,-6.099262237548828,0,1.5451196,-1.5451196432113647
74,61,51.699432,9.300567626953125,11,7.8373322,3.162667751312256,13,14.78075,-1.7807502746582031,17,18.17279,-1.17279052734375,0,0.0,0.0,9,9.116985,-0.11698532104492188,1,0.0,1.0,23,23.7302,-0.7301998138427734,2,3.4345307,-1.4345307350158691
75,36,54.765526,-18.765525817871094,8,7.048692,0.9513077735900879,5,7.450735,-2.450735092163086,19,13.377687,5.622312545776367,0,0.0,0.0,10,6.2215066,3.7784934043884277,0,0.0,0.0,12,25.282019,-13.282018661499023,1,4.1295433,-3.1295433044433594
76,49,53.619987,-4.619987487792969,9,10.381417,-1.3814172744750977,14,13.754118,0.2458820343017578,21,14.49343,6.506569862365723,0,0.0,0.0,6,8.190299,-2.1902990341186523,0,0.0,0.0,26,26.408192,-0.4081916809082031,4,4.4440646,-0.4440646171569824
77,37,50.264576,-13.264575958251953,13,2.4837954,10.516204595565796,0,1.6245676,-1.6245676279067993,12,15.927595,-3.9275951385498047,0,0.0,0.0,4,6.5712676,-2.571267604827881,0,0.0,0.0,18,18.415043,-0.4150428771972656,3,4.8275027,-1.827502727508545
78,45,43.92516,1.0748405456542969,9,5.8135095,3.186490535736084,2,0.0,2.0,20,9.406279,10.593721389770508,0,0.0,0.0,4,8.533999,-4.533999443054199,0,0.0,0.0,36,26.191385,9.808614730834961,2,3.3978198,-1.3978197574615479
79,53,36.101967,16.898033142089844,11,4.30006,6.699940204620361,4,2.79841,1.2015900611877441,9,8.364892,0.6351079940795898,0,0.0,0.0,12,2.2114387,9.788561344146729,0,0.0,0.0,21,25.942627,-4.942626953125,3,0.0,3.0
80,29,44.20337,-15.203369140625,4,10.251531,-6.251530647277832,2,7.860685,-5.860684871673584,11,23.132069,-12.132068634033203,1,0.0,1.0,6,9.1445465,-3.1445465087890625,0,0.0,0.0,22,24.50561,-2.5056095123291016,1,3.0791736,-2.0791735649108887
81,33,40.787224,-7.787223815917969,9,8.970022,0.029977798461914062,6,6.046447,-0.046446800231933594,23,17.289713,5.710287094116211,1,0.0,1.0,9,7.4000697,1.5999302864074707,0,0.0,0.0,12,21.605556,-9.60555648803711,0,2.7074463,-2.707446336746216
82,49,42.976215,6.023784637451172,6,7.7615,-1.7614998817443848,3,3.9139917,-0.9139916896820068,13,14.001079,-1.0010786056518555,1,0.0,1.0,6,10.091508,-4.091507911682129,0,1.3957089,-1.3957089185714722,16,19.41339,-3.413389205932617,2,2.0126128,-0.01261281967163086
83,38,38.830147,-0.8301467895507812,12,8.157141,3.8428592681884766,9,10.100287,-1.1002874374389648,10,16.268164,-6.268163681030273,0,0.0,0.0,5,5.897093,-0.8970928192138672,0,0.0,0.0,34,21.81212,12.18787956237793,1,1.5219939,-0.52199387550354
84,44,45.505302,-1.5053024291992188,5,7.590555,-2.590555191040039,5,5.4853597,-0.48535966873168945,28,13.628152,14.371848106384277,0,0.0,0.0,6,8.328757,-2.3287572860717773,0,0.0,0.0,21,22.034504,-1.0345039367675781,2,0.0,2.0
85,47,53.758263,-6.758262634277344,5,7.600454,-2.6004538536071777,12,12.535352,-0.5353517532348633,17,15.490188,1.509812355041504,0,0.0,0.0,12,6.1578345,5.842165470123291,0,0.0,0.0,27,22.89625,4.103750228881836,1,2.71422,-1.7142200469970703
86,40,40.75174,-0.751739501953125,9,10.1902685,-1.1902685165405273,9,9.472581,-0.4725809097290039,23,21.478035,1.5219650268554688,0,0.0,0.0,6,6.9034886,-0.9034886360168457,0,0.0,0.0,15,23.824451,-8.824451446533203,4,3.3534107,0.6465892791748047
87,43,45.888084,-2.8880844116210938,6,7.450092,-1.45009183883667,6,6.616619,-0.6166191101074219,34,24.245817,9.754182815551758,0,0.0,0.0,13,10.362704,2.637295722961426,0,0.0,0.0,21,22.628391,-1.6283912658691406,2,2.5278838,-0.527883768081665
88,38,47.56711,-9.567108154296875,9,7.956305,1.0436949729919434,1,0.59373456,0.4062654376029968,21,23.606611,-2.6066112518310547,0,0.0,0.0,3,7.410161,-4.410161018371582,0,0.0,0.0,14,20.728367,-6.728366851806641,1,6.3866434,-5.386643409729004
89,54,45.7619,8.23809814453125,5,11.223247,-6.2232465744018555,15,14.069239,0.9307613372802734,19,19.930006,-0.9300060272216797,0,0.0,0.0,8,8.526959,-0.5269594192504883,0,0.0,0.0,26,27.574787,-1.5747871398925781,2,3.6335495,-1.633549451828003
90,49,57.248978,-8.248977661132812,5,9.189086,-4.189085960388184,10,11.118479,-1.118478775024414,25,18.083958,6.916042327880859,0,0.0,0.0,8,9.211094,-1.2110939025878906,0,0.0,0.0,18,25.773384,-7.773384094238281,1,3.6075742,-2.607574224472046
91,37,44.878265,-7.878265380859375,8,11.328507,-3.328507423400879,8,11.531205,-3.531205177307129,24,23.013058,0.9869422912597656,0,0.0,0.0,13,9.821863,3.1781368255615234,0,0.0,0.0,23,28.349716,-5.3497161865234375,1,0.4565658,0.543434202671051
92,35,40.752605,-5.752605438232422,15,9.545402,5.454598426818848,6,7.1577497,-1.1577496528625488,15,21.546982,-6.5469818115234375,0,0.0,0.0,9,6.9467745,2.053225517272949,0,0.0,0.0,34,24.248913,9.751087188720703,3,2.4952424,0.5047576427459717
93,39,39.99746,-0.9974594116210938,13,8.653698,4.346302032470703,7,6.4805207,0.5194792747497559,22,20.104065,1.89593505859375,0,0.0,0.0,8,7.839667,0.16033315658569336,0,0.0,0.0,23,21.434256,1.565744400024414,1,2.2606742,-1.260674238204956
94,40,41.248436,-1.2484359741210938,11,9.360396,1.639603614807129,6,7.4698987,-1.4698987007141113,14,23.565905,-9.56590461730957,0,0.0,0.0,5,6.501847,-1.5018467903137207,0,0.0,0.0,23,26.09151,-3.091510772705078,2,2.1433082,-0.14330816268920898
95,41,45.9936,-4.993598937988281,4,11.669653,-7.669652938842773,18,18.321661,-0.32166099548339844,22,17.463894,4.536106109619141,0,0.0,0.0,5,8.342446,-3.3424463272094727,0,0.0,0.0,24,26.09972,-2.099720001220703,1,2.819185,-1.8191850185394287
96,43,42.172195,0.8278045654296875,12,10.476943,1.523056983947754,7,7.460592,-0.46059179306030273,19,15.815981,3.184019088745117,0,0.0,0.0,3,6.859051,-3.85905122756958,0,0.0,0.0,24,20.983818,3.0161819458007812,2,1.4735079,0.5264921188354492
97,43,44.04901,-1.04901123046875,16,13.698034,2.3019657135009766,22,17.369299,4.630701065063477,21,19.77334,1.2266597747802734,0,0.0,0.0,6,6.9253306,-0.925330638885498,0,0.0,0.0,23,26.018045,-3.018045425415039,2,2.646637,-0.646636962890625
98,45,53.292847,-8.2928466796875,14,8.367934,5.632065773010254,11,12.454586,-1.4545860290527344,17,14.823447,2.1765527725219727,0,0.0,0.0,5,7.959454,-2.95945405960083,1,0.0,1.0,16,23.620354,-7.620353698730469,4,1.5617032,2.4382967948913574
99,46,46.523727,-0.5237274169921875,11,7.494121,3.5058789253234863,13,7.772537,5.2274627685546875,32,23.973103,8.026897430419922,2,0.0,2.0,6,11.486673,-5.486673355102539,1,0.0,1.0,24,23.090061,0.9099388122558594,3,3.9750032,-0.9750032424926758
100,46,44.104546,1.8954544067382812,6,9.289035,-3.289034843444824,18,15.482538,2.5174617767333984,20,19.80241,0.19758987426757812,0,0.0,0.0,9,10.27809,-1.2780895233154297,0,0.0,0.0,24,25.126574,-1.1265735626220703,1,2.1552136,-1.1552135944366455
101,58,52.783154,5.216846466064453,10,13.974091,-3.974090576171875,15,19.20341,-4.203409194946289,32,24.143902,7.856098175048828,2,0.0,2.0,4,7.1933913,-3.1933913230895996,0,0.0,0.0,24,27.631077,-3.6310768127441406,4,3.7158759,0.28412413597106934
102,31,36.815826,-5.815826416015625,7,10.825616,-3.825615882873535,2,4.088659,-2.0886588096618652,16,18.328718,-2.3287181854248047,0,0.0,0.0,6,6.1799383,-0.17993831634521484,0,0.0,0.0,41,24.79382,16.206180572509766,1,2.0325418,-1.0325417518615723
103,37,39.96862,-2.9686203002929688,6,6.575458,-0.5754580497741699,1,2.7517755,-1.7517755031585693,22,22.016579,-0.01657867431640625,0,0.0,0.0,10,7.7148995,2.2851004600524902,0,0.0,0.0,30,28.72425,1.2757492065429688,4,1.5077713,2.4922287464141846
104,39,45.533447,-6.533447265625,10,12.394123,-2.394123077392578,4,4.7502465,-0.750246524810791,24,17.250416,6.749584197998047,0,0.0,0.0,12,9.982555,2.017444610595703,1,0.0,1.0,18,21.208826,-3.2088260650634766,4,3.105753,0.8942470550537109
105,36,46.205772,-10.205772399902344,14,12.615029,1.3849706649780273,18,16.481453,1.5185470581054688,27,19.829834,7.170166015625,1,0.0,1.0,7,7.364845,-0.36484479904174805,0,0.0,0.0,26,27.556019,-1.5560188293457031,1,1.4448584,-0.4448584318161011
106,36,38.74652,-2.74652099609375,4,8.364058,-4.364057540893555,1,2.275884,-1.2758839130401611,19,21.862772,-2.862771987915039,0,0.0,0.0,11,10.274246,0.7257537841796875,1,0.0,1.0,19,19.237556,-0.23755645751953125,5,3.2206612,1.7793388366699219
107,36,42.1996,-6.1996002197265625,3,8.500289,-5.500288963317871,2,2.0813177,-0.08131766319274902,12,19.849674,-7.849674224853516,0,0.0,0.0,6,8.087279,-2.0872793197631836,0,0.0,0.0,10,24.619722,-14.619722366333008,1,4.582603,-3.5826029777526855
108,52,46.735107,5.264892578125,18,8.713125,9.286874771118164,10,5.541433,4.458567142486572,24,19.971413,4.028587341308594,0,0.0,0.0,11,7.1633663,3.8366336822509766,1,0.0,1.0,24,24.862827,-0.8628273010253906,3,2.814967,0.18503308296203613
109,49,43.561474,5.438526153564453,6,8.072873,-2.072873115539551,24,16.035187,7.964813232421875,12,19.441591,-7.441591262817383,0,0.0,0.0,3,7.3523054,-4.3523054122924805,1,0.0,1.0,31,24.631813,6.368186950683594,2,2.3032486,-0.30324864387512207
110,43,44.114826,-1.1148262023925781,11,9.238597,1.7614030838012695,11,12.074305,-1.0743045806884766,21,16.629356,4.370643615722656,0,0.0,0.0,8,7.912857,0.0871429443359375,1,0.0,1.0,20,22.52744,-2.5274391174316406,1,1.6378362,-0.637836217880249
111,44,43.252136,0.74786376953125,2,8.806767,-6.806767463684082,4,3.7406893,0.2593107223510742,8,14.025943,-6.025942802429199,1,0.0,1.0,6,9.102068,-3.1020679473876953,0,1.1586372,-1.1586371660232544,20,20.889027,-0.8890266418457031,2,0.40841442,1.5915855765342712
112,45,49.268227,-4.268226623535156,9,8.559128,0.4408721923828125,2,7.1530347,-5.153034687042236,23,21.893908,1.1060924530029297,0,0.0,0.0,7,9.856497,-2.856496810913086,0,0.0,0.0,20,26.40599,-6.4059906005859375,0,3.8275774,-3.8275773525238037
113,48,49.287987,-1.2879867553710938,7,11.63528,-4.635279655456543,16,6.225289,9.77471113204956,22,23.52893,-1.5289306640625,0,0.0,0.0,7,8.297273,-1.2972726821899414,0,0.0,0.0,21,26.010834,-5.010833740234375,3,2.6050222,0.3949778079986572
114,42,32.78263,9.217369079589844,10,5.8925824,4.107417583465576,0,3.401123,-3.401123046875,17,14.3345785,2.665421485900879,0,0.0,0.0,7,6.7886896,0.21131038665771484,0,0.8457891,-0.8457890748977661,16,19.77369,-3.7736892700195312,0,2.0589817,-2.0589816570281982
115,34,44.586514,-10.58651351928711,18,10.56281,7.437190055847168,2,5.878593,-3.8785929679870605,19,24.585693,-5.585693359375,0,0.0,0.0,11,9.319702,1.6802978515625,0,0.0,0.0,15,24.422073,-9.422073364257812,4,3.5868077,0.4131922721862793
116,43,37.646847,5.353153228759766,10,8.925932,1.0740680694580078,6,6.288486,-0.2884860038757324,18,16.988087,1.0119132995605469,0,1.0745478,-1.0745477676391602,10,7.0592403,2.9407596588134766,0,0.0,0.0,18,21.203644,-3.203643798828125,2,2.5308902,-0.5308902263641357
117,54,56.959457,-2.9594573974609375,7,10.957164,-3.9571638107299805,8,13.208172,-5.208171844482422,16,18.731876,-2.7318763732910156,0,0.0,0.0,10,8.700333,1.2996673583984375,1,0.0,1.0,22,29.255112,-7.2551116943359375,0,2.8620634,-2.862063407897949
118,75,47.252625,27.74737548828125,13,12.042592,0.9574079513549805,15,15.908265,-0.9082651138305664,27,19.614742,7.385257720947266,0,0.0,0.0,10,7.04872,2.951280117034912,0,0.0,0.0,25,30.853403,-5.853403091430664,7,2.9313362,4.068663835525513
119,44,43.116158,0.8838424682617188,9,7.9307103,1.0692896842956543,5,4.712146,0.2878541946411133,8,14.371944,-6.371944427490234,0,0.0,0.0,5,9.17996,-4.179960250854492,1,0.0,1.0,20,24.705318,-4.705318450927734,1,0.72667956,0.27332043647766113
120,61,47.679184,13.320816040039062,10,8.731014,1.2689857482910156,10,15.341072,-5.341072082519531,16,17.569004,-1.5690040588378906,0,0.0,0.0,6,8.798007,-2.798007011413574,0,0.0,0.0,24,25.893597,-1.8935966491699219,3,0.06888433,2.931115671992302
121,28,47.803986,-19.803985595703125,5,8.51499,-3.5149898529052734,19,16.50251,2.4974899291992188,19,19.174557,-0.17455673217773438,0,0.0,0.0,5,6.808446,-1.808445930480957,0,0.0,0.0,20,24.234016,-4.234016418457031,3,2.446095,0.5539050102233887
122,31,40.78094,-9.780941009521484,8,7.323154,0.6768460273742676,2,1.6871673,0.31283271312713623,11,19.895802,-8.895801544189453,0,0.0,0.0,6,8.782412,-2.782411575317383,1,0.0,1.0,21,17.00703,3.992969512939453,3,5.5373697,-2.537369728088379
123,42,43.79553,-1.7955284118652344,12,8.595582,3.4044179916381836,5,1.5880512,3.411948800086975,22,13.779983,8.220017433166504,0,0.0,0.0,10,6.0482917,3.9517083168029785,0,0.0,0.0,25,19.618347,5.38165283203125,4,5.017664,-1.0176639556884766
124,51,41.187828,9.812171936035156,12,6.384603,5.615396976470947,2,4.962644,-2.962644100189209,13,14.159373,-1.1593732833862305,0,0.0,0.0,9,7.77028,1.229720115661621,0,0.0,0.0,21,17.83563,3.164369583129883,2,1.5620685,0.43793153762817383
125,44,38.777164,5.222835540771484,9,14.26315,-5.263150215148926,13,16.92185,-3.9218502044677734,14,16.850422,-2.850421905517578,0,0.0,0.0,9,7.3866987,1.6133012771606445,0,0.0,0.0,23,25.329071,-2.329071044921875,4,3.1067655,0.8932344913482666
126,31,37.92475,-6.924751281738281,7,7.27714,-0.27714014053344727,3,4.973289,-1.9732890129089355,19,17.519207,1.4807929992675781,0,0.0,0.0,12,7.754334,4.245666027069092,1,0.0,1.0,20,19.379301,0.6206989288330078,0,2.3412971,-2.341297149658203
127,54,52.539536,1.4604644775390625,11,9.901652,1.0983476638793945,16,15.534394,0.4656057357788086,21,20.638474,0.3615264892578125,0,0.0,0.0,13,10.396184,2.603816032409668,0,0.0,0.0,23,25.176445,-2.1764450073242188,1,3.1631932,-2.1631932258605957
128,42,37.358963,4.6410369873046875,7,8.623806,-1.6238059997558594,9,10.771239,-1.7712392807006836,16,17.254145,-1.2541446685791016,0,0.0,0.0,6,7.6686745,-1.6686744689941406,0,0.0,0.0,21,20.465137,0.5348625183105469,3,2.119373,0.880626916885376
129,43,47.330025,-4.330024719238281,14,14.277404,-0.2774038314819336,20,17.526037,2.4739627838134766,20,22.11206,-2.112060546875,0,0.0,0.0,8,7.504073,0.4959268569946289,1,0.0,1.0,22,27.829885,-5.829885482788086,0,2.2929142,-2.2929141521453857
130,48,51.70278,-3.7027816772460938,9,7.6507087,1.3492913246154785,8,9.634574,-1.6345739364624023,15,21.072441,-6.072441101074219,0,0.0,0.0,6,9.469334,-3.4693336486816406,1,0.0,1.0,21,28.110172,-7.110172271728516,0,3.0393784,-3.0393784046173096
131,27,42.66004,-15.660041809082031,11,6.879947,4.120052814483643,19,17.786755,1.2132453918457031,22,16.453335,5.546665191650391,0,0.0,0.0,6,7.134434,-1.1344342231750488,0,0.0,0.0,24,20.942823,3.0571765899658203,1,2.8289871,-1.8289871215820312
132,43,47.569798,-4.569797515869141,6,10.249322,-4.249321937561035,5,4.944789,0.05521106719970703,13,17.350327,-4.3503265380859375,0,0.0,0.0,3,9.898619,-6.898618698120117,0,0.0,0.0,17,25.368237,-8.368236541748047,4,3.5307858,0.46921420097351074
133,59,60.004875,-1.0048751831054688,5,9.409716,-4.40971565246582,12,14.57353,-2.5735301971435547,18,18.470924,-0.47092437744140625,0,0.0,0.0,7,9.1563,-2.156299591064453,0,0.0,0.0,28,26.0514,1.9486007690429688,2,3.5357294,-1.5357294082641602
134,40,44.334435,-4.334434509277344,9,10.346663,-1.346663475036621,10,19.263294,-9.263294219970703,15,17.311092,-2.3110923767089844,0,0.0,0.0,7,8.809484,-1.809483528137207,0,0.0,0.0,30,22.949919,7.050081253051758,6,2.241068,3.758932113647461
135,49,43.827263,5.172737121582031,11,10.770274,0.22972583770751953,18,18.097126,-0.09712600708007812,21,18.791641,2.2083587646484375,0,0.0,0.0,5,7.1963987,-2.1963987350463867,0,0.0,0.0,21,26.223766,-5.223766326904297,3,1.7809343,1.2190656661987305
136,50,50.245842,-0.24584197998046875,16,12.103453,3.896547317504883,17,11.017556,5.982443809509277,18,18.054533,-0.05453300476074219,0,0.0,0.0,8,6.5987267,1.401273250579834,0,0.0,0.0,27,25.898285,1.101715087890625,0,1.6634047,-1.6634047031402588
137,21,37.68434,-16.684341430664062,12,5.11542,6.884580135345459,2,0.0,2.0,20,18.632622,1.3673782348632812,0,0.0,0.0,3,5.322191,-2.3221912384033203,0,0.0,0.0,31,28.690443,2.3095569610595703,4,1.6335253,2.366474747657776
138,40,46.19732,-6.197319030761719,12,9.17348,2.8265199661254883,7,9.669305,-2.669304847717285,21,21.73177,-0.7317695617675781,0,0.0,0.0,6,6.177405,-0.17740488052368164,1,0.0,1.0,19,23.70347,-4.703470230102539,1,1.9818056,-0.9818055629730225
139,46,36.652626,9.347373962402344,10,7.755414,2.2445859909057617,5,4.4062643,0.5937356948852539,17,19.108784,-2.108783721923828,0,0.0,0.0,9,9.402657,-0.40265655517578125,0,0.0,0.0,20,18.592308,1.4076919555664062,6,2.7127352,3.287264823913574
140,36,40.87649,-4.876491546630859,8,8.320904,-0.3209037780761719,6,11.808717,-5.808716773986816,18,18.026928,-0.026927947998046875,0,0.0,0.0,6,6.7545333,-0.7545332908630371,1,0.0,1.0,19,21.49195,-2.4919490814208984,2,2.8386457,-0.8386456966400146
141,43,47.18762,-4.187618255615234,8,9.795892,-1.7958917617797852,17,15.1446,1.8554000854492188,25,18.87396,6.126039505004883,0,0.0,0.0,12,8.131195,3.868804931640625,0,0.0,0.0,44,20.971502,23.02849769592285,2,2.1945548,-0.19455480575561523
142,53,49.823826,3.1761741638183594,8,6.786624,1.2133760452270508,2,8.447611,-6.447610855102539,6,14.121877,-8.12187671661377,0,0.0,0.0,9,5.909409,3.0905909538269043,0,0.0,0.0,29,25.216408,3.7835922241210938,1,0.90296745,0.09703254699707031
143,33,43.33821,-10.338211059570312,10,8.750613,1.2493867874145508,0,1.5077754,-1.5077754259109497,12,22.209843,-10.209842681884766,0,0.0,0.0,6,7.6015534,-1.6015534400939941,0,0.0,0.0,16,22.01827,-6.018270492553711,2,3.2732964,-1.2732963562011719
144,33,34.829212,-1.8292121887207031,11,8.623156,2.3768444061279297,2,3.7610097,-1.761009693145752,16,18.038084,-2.038084030151367,0,0.0,0.0,9,7.7645555,1.2354445457458496,1,0.0,1.0,16,16.395224,-0.39522361755371094,1,0.0,1.0
145,62,48.522545,13.477455139160156,19,12.778047,6.221953392028809,10,6.8799725,3.120027542114258,35,22.149908,12.850091934204102,0,0.0,0.0,5,10.902003,-5.902003288269043,0,0.0,0.0,14,25.0513,-11.051300048828125,0,1.3659569,-1.3659569025039673
146,34,40.841476,-6.8414764404296875,13,9.192652,3.8073482513427734,19,12.766259,6.23374080657959,22,15.56242,6.437580108642578,0,0.0,0.0,6,8.168939,-2.168938636779785,0,0.0,0.0,18,21.675373,-3.675373077392578,1,2.0187256,-1.0187256336212158
147,33,39.279266,-6.279266357421875,4,8.607531,-4.60753059387207,3,4.0364313,-1.0364313125610352,20,19.672688,0.3273124694824219,0,0.0,0.0,5,9.584551,-4.584550857543945,0,0.0,0.0,25,20.32399,4.6760101318359375,2,2.4521384,-0.45213842391967773
148,41,43.827633,-2.8276329040527344,5,9.372284,-4.372283935546875,19,17.659725,1.3402748107910156,28,17.982286,10.01771354675293,0,0.0,0.0,7,7.643522,-0.643521785736084,0,0.0,0.0,32,21.346884,10.653116226196289,4,2.8398619,1.1601381301879883
149,45,41.703457,3.2965431213378906,12,6.7430334,5.256966590881348,23,15.17955,7.8204498291015625,18,17.440865,0.5591354370117188,0,0.0,0.0,6,6.5689626,-0.568962574005127,0,0.0,0.0,31,20.74159,10.25840950012207,1,2.482998,-1.4829978942871094
150,58,38.076324,19.923675537109375,4,7.821256,-3.821256160736084,5,6.9113564,-1.9113564491271973,16,17.555191,-1.5551910400390625,0,0.0,0.0,15,7.6993303,7.3006696701049805,0,0.0,0.0,14,19.350777,-5.350776672363281,4,2.976698,1.0233020782470703
151,50,48.844543,1.15545654296875,9,7.7517767,1.2482233047485352,12,8.762239,3.237760543823242,12,18.706762,-6.706762313842773,0,0.0,0.0,8,9.8331375,-1.8331375122070312,0,0.0,0.0,31,23.386398,7.6136016845703125,3,1.8752902,1.1247098445892334
152,51,39.31539,11.684608459472656,15,7.795294,7.204706192016602,16,13.199303,2.8006973266601562,23,16.010983,6.989017486572266,0,0.0,0.0,5,7.144242,-2.1442418098449707,0,0.0,0.0,22,21.8578,0.14220046997070312,3,2.577714,0.4222860336303711
153,34,43.082806,-9.082805633544922,10,10.1790285,-0.17902851104736328,13,11.940106,1.0598936080932617,19,15.090974,3.9090261459350586,0,0.0,0.0,9,7.443809,1.5561909675598145,0,0.0,0.0,17,20.116426,-3.116426467895508,0,3.387321,-3.3873209953308105
154,43,43.96382,-0.9638214111328125,8,9.393735,-1.3937349319458008,13,16.893188,-3.8931884765625,18,18.850876,-0.8508758544921875,0,0.0,0.0,7,7.6782727,-0.6782727241516113,0,0.0,0.0,37,26.282452,10.717548370361328,2,3.3962464,-1.3962464332580566
155,38,52.534912,-14.534912109375,14,12.484265,1.5157346725463867,1,7.4466076,-6.44660758972168,27,24.643257,2.3567428588867188,0,0.0,0.0,8,10.587427,-2.5874271392822266,0,0.0,0.0,18,26.732174,-8.732173919677734,2,1.2791576,0.7208423614501953
156,39,46.88839,-7.888389587402344,11,10.887471,0.11252880096435547,6,6.7437134,-0.74371337890625,29,22.68388,6.316120147705078,0,0.0,0.0,8,8.415099,-0.4150991439819336,0,0.0,0.0,31,22.198053,8.801946640014648,2,3.768144,-1.768143892288208
157,51,56.02005,-5.020050048828125,8,10.056969,-2.0569686889648438,7,15.228925,-8.228924751281738,16,19.101528,-3.1015281677246094,0,0.0,0.0,5,7.046467,-2.046466827392578,0,0.0,0.0,20,25.796852,-5.796852111816406,1,1.3303199,-0.330319881439209
158,41,55.61766,-14.617660522460938,10,8.531872,1.4681282043457031,16,11.016676,4.98332405090332,17,16.876373,0.123626708984375,0,0.0,0.0,6,5.8689895,0.1310105323791504,0,0.0,0.0,21,23.131777,-2.131776809692383,1,4.571004,-3.5710039138793945
159,29,37.812065,-8.812065124511719,9,8.433793,0.5662069320678711,1,3.1607585,-2.1607584953308105,15,23.259136,-8.259136199951172,0,0.0,0.0,5,10.983372,-5.983371734619141,0,0.0,0.0,27,24.643707,2.356292724609375,6,1.4148597,4.585140347480774
160,34,34.4652,-0.4651985168457031,9,5.051479,3.948521137237549,1,4.3441234,-3.344123363494873,8,16.328785,-8.328784942626953,0,0.0,0.0,5,10.678814,-5.678813934326172,0,0.0,0.0,17,21.206705,-4.206705093383789,1,1.6924815,-0.692481517791748
161,43,36.656605,6.343395233154297,11,11.639561,-0.6395606994628906,17,8.667516,8.332484245300293,12,18.390133,-6.390132904052734,0,0.0,0.0,6,8.283345,-2.2833452224731445,0,0.0,0.0,27,24.44652,2.5534801483154297,2,2.007092,-0.007091999053955078
162,53,44.697784,8.302215576171875,7,11.238927,-4.238926887512207,14,10.512894,3.4871063232421875,21,21.068634,-0.068634033203125,0,0.0,0.0,8,7.673045,0.32695484161376953,0,0.0,0.0,22,24.693596,-2.6935958862304688,3,3.403119,-0.4031190872192383
163,56,53.378513,2.6214866638183594,18,9.007907,8.992093086242676,7,2.3600361,4.639963865280151,20,14.712361,5.2876386642456055,0,0.0,0.0,7,5.4209056,1.579094409942627,1,0.0,1.0,31,19.887321,11.112678527832031,1,1.4423943,-0.4423942565917969
164,41,45.733185,-4.733184814453125,14,9.937814,4.062186241149902,14,14.337974,-0.33797359466552734,21,20.472666,0.5273342132568359,1,0.0,1.0,7,10.847841,-3.847841262817383,0,0.0,0.0,19,21.363087,-2.363086700439453,5,2.2453117,2.754688262939453
165,51,54.120888,-3.1208877563476562,7,8.343136,-1.3431358337402344,12,10.444718,1.555281639099121,21,12.740993,8.259007453918457,0,0.0,0.0,8,6.031871,1.9681291580200195,0,0.0,0.0,22,21.558603,0.44139671325683594,2,2.7093897,-0.7093896865844727
166,46,48.775616,-2.775615692138672,13,6.6535926,6.346407413482666,7,5.6589155,1.3410844802856445,14,14.0471,-0.047100067138671875,0,0.0,0.0,5,8.127674,-3.127674102783203,1,0.0,1.0,26,24.388277,1.6117229461669922,4,2.2184854,1.7815146446228027
167,48,42.632618,5.367382049560547,8,8.272731,-0.27273082733154297,12,7.6276045,4.3723955154418945,16,15.85525,0.14474964141845703,0,0.0,0.0,14,8.713181,5.2868194580078125,0,0.75829357,-0.7582935690879822,30,21.73682,8.263179779052734,4,1.8812947,2.1187052726745605
168,66,46.99213,19.007869720458984,7,8.1505785,-1.150578498840332,10,6.4514446,3.548555374145508,19,15.987137,3.0128631591796875,0,0.0,0.0,6,8.202006,-2.2020063400268555,0,0.0,0.0,26,23.58322,2.416780471801758,0,1.1520174,-1.15201735496521
169,41,49.234863,-8.23486328125,9,9.744824,-0.7448244094848633,18,16.896141,1.1038589477539062,23,20.42007,2.5799293518066406,0,0.0,0.0,6,9.973897,-3.9738969802856445,0,0.0,0.0,28,24.796635,3.2033653259277344,2,1.6696513,0.3303487300872803
170,48,43.435318,4.5646820068359375,10,9.551887,0.44811344146728516,11,8.247174,2.7528257369995117,17,23.480337,-6.480337142944336,0,0.0,0.0,14,11.782526,2.2174739837646484,0,0.0,0.0,26,23.021597,2.978403091430664,4,1.414869,2.585131049156189
171,44,56.517654,-12.517654418945312,9,9.160819,-0.16081905364990234,18,14.864312,3.135687828063965,16,18.54116,-2.5411605834960938,0,0.0,0.0,5,8.779684,-3.779684066772461,0,0.0,0.0,28,24.334047,3.665952682495117,0,2.8939643,-2.8939642906188965
172,35,47.157562,-12.157562255859375,8,11.811712,-3.8117122650146484,18,13.071412,4.928587913513184,21,24.17375,-3.1737499237060547,0,0.0,0.0,12,9.483934,2.5160655975341797,0,0.0,0.0,35,28.75924,6.240760803222656,2,2.6061225,-0.6061224937438965
173,34,39.95889,-5.958889007568359,2,7.332778,-5.332777976989746,20,13.617017,6.382983207702637,16,16.090578,-0.09057807922363281,0,0.0,0.0,8,6.589394,1.4106059074401855,0,0.0,0.0,22,21.362192,0.6378078460693359,3,2.30987,0.6901299953460693
174,46,46.81475,-0.8147506713867188,12,12.177572,-0.17757225036621094,5,7.2405496,-2.2405495643615723,16,19.183342,-3.1833419799804688,0,0.0,0.0,6,7.467172,-1.4671721458435059,0,0.0,0.0,24,26.758667,-2.7586669921875,4,1.7720804,2.227919578552246
175,42,36.844803,5.1551971435546875,5,9.463388,-4.463388442993164,2,3.3193054,-1.319305419921875,11,22.981152,-11.981151580810547,0,0.0,0.0,1,9.798462,-8.7984619140625,0,0.0,0.0,30,22.333519,7.666481018066406,1,1.0936046,-0.09360456466674805
176,37,43.73741,-6.7374114990234375,16,10.080654,5.919345855712891,17,14.162436,2.837564468383789,30,22.820965,7.179035186767578,0,0.0,0.0,5,8.654329,-3.654329299926758,0,0.0,0.0,21,26.628016,-5.628015518188477,3,2.7290547,0.27094531059265137
177,40,48.767494,-8.767494201660156,13,10.650339,2.349660873413086,6,16.062746,-10.062746047973633,15,17.240881,-2.2408809661865234,0,0.0,0.0,7,7.578345,-0.5783448219299316,1,0.0,1.0,21,24.197453,-3.1974525451660156,2,3.7614508,-1.7614507675170898
178,55,58.720924,-3.7209243774414062,14,10.9582205,3.0417795181274414,9,13.072888,-4.072888374328613,9,18.364304,-9.364303588867188,0,0.0,0.0,3,9.484631,-6.484630584716797,0,0.0,0.0,34,29.41219,4.587810516357422,3,2.613923,0.3860769271850586
179,51,42.72085,8.27914810180664,4,10.974274,-6.974273681640625,16,13.987502,2.012497901916504,27,21.41091,5.589090347290039,0,0.0,0.0,2,8.268963,-6.268962860107422,0,0.0,0.0,31,26.501,4.499000549316406,5,2.4255042,2.574495792388916
180,46,42.550743,3.4492568969726562,5,10.755022,-5.755022048950195,3,4.8768787,-1.8768787384033203,21,23.220808,-2.2208080291748047,0,0.0,0.0,14,9.276405,4.723594665527344,1,0.0,1.0,16,22.854073,-6.854072570800781,5,2.9261136,2.0738863945007324
181,45,39.451096,5.5489044189453125,6,11.973048,-5.973048210144043,2,3.8650298,-1.8650298118591309,15,18.490498,-3.490497589111328,0,0.0,0.0,6,7.690026,-1.690025806427002,2,0.0,2.0,21,20.895037,0.10496330261230469,1,1.1825615,-0.18256151676177979
182,47,50.03298,-3.0329818725585938,9,12.607678,-3.6076784133911133,13,17.523626,-4.523626327514648,27,23.93079,3.0692100524902344,2,0.0,2.0,6,8.145506,-2.145505905151367,0,0.0,0.0,38,32.457294,5.542705535888672,4,2.623838,1.376162052154541
183,52,35.68478,16.31521987915039,8,7.096933,0.9030671119689941,3,3.1615324,-0.16153240203857422,21,11.252543,9.747456550598145,0,0.0,0.0,4,6.186173,-2.1861729621887207,0,0.0,0.0,16,14.557023,1.442976951599121,7,0.0,7.0
184,38,42.906162,-4.906162261962891,15,9.88021,5.119790077209473,13,7.969827,5.030172824859619,24,20.52739,3.4726104736328125,0,0.21983902,-0.21983902156352997,5,8.144046,-3.144045829772949,0,0.0,0.0,10,22.52111,-12.521110534667969,1,3.6815426,-2.6815426349639893
185,31,34.053284,-3.05328369140625,8,9.274666,-1.2746658325195312,4,0.0,4.0,12,10.840612,1.1593875885009766,0,0.0,0.0,8,3.0591798,4.940820217132568,0,0.0,0.0,26,23.78664,2.213359832763672,2,0.09698148,1.903018519282341
186,45,39.7693,5.230701446533203,7,9.5692625,-2.5692625045776367,6,6.6771903,-0.6771903038024902,20,17.19087,2.8091297149658203,0,0.0,0.0,9,9.235643,-0.2356433868408203,0,0.0,0.0,17,20.57312,-3.5731201171875,1,0.92657495,0.0734250545501709
187,54,47.70733,6.292671203613281,20,13.46346,6.5365400314331055,13,8.672354,4.327646255493164,23,25.940742,-2.9407424926757812,0,0.0,0.0,12,10.74599,1.2540102005004883,0,0.0,0.0,29,26.987812,2.012187957763672,3,3.367662,-0.3676619529724121
188,40,46.4116,-6.411598205566406,13,12.418858,0.5811424255371094,18,16.121511,1.878488540649414,16,19.56527,-3.5652694702148438,0,0.0,0.0,7,7.0083103,-0.008310317993164062,0,0.0,0.0,27,26.27074,0.7292594909667969,3,1.5654516,1.4345483779907227
189,37,41.081406,-4.0814056396484375,8,10.692861,-2.6928606033325195,13,19.839806,-6.839805603027344,12,16.767223,-4.767223358154297,0,0.0,0.0,10,6.2567782,3.7432217597961426,0,0.0,0.0,23,22.330841,0.669158935546875,3,1.8828139,1.1171860694885254
190,36,37.703293,-1.7032928466796875,11,8.503512,2.496487617492676,7,8.94401,-1.944009780883789,14,18.598446,-4.598445892333984,0,0.0,0.0,4,9.801291,-5.801291465759277,0,0.0,0.0,19,21.14304,-2.1430397033691406,1,2.7056088,-1.70560884475708
191,45,33.349594,11.650405883789062,6,9.29038,-3.290379524230957,6,0.7264006,5.27359938621521,16,21.804295,-5.804294586181641,0,0.0,0.0,7,10.032936,-3.0329360961914062,0,0.15187426,-0.15187425911426544,25,21.605768,3.3942317962646484,4,0.7027776,3.297222375869751
192,43,39.7939,3.2061004638671875,11,9.759101,1.2408990859985352,11,13.334266,-2.33426570892334,28,18.825165,9.174835205078125,0,0.0,0.0,10,7.648507,2.3514928817749023,0,0.0,0.0,27,21.049425,5.95057487487793,2,2.855761,-0.8557610511779785
193,44,47.2494,-3.249401092529297,9,11.342735,-2.3427352905273438,3,4.012153,-1.012153148651123,19,23.016632,-4.016632080078125,0,0.0,0.0,16,8.694584,7.305416107177734,1,0.0,1.0,25,22.396973,2.60302734375,2,2.9739656,-0.9739656448364258
194,41,39.981644,1.0183563232421875,7,13.794906,-6.794905662536621,7,10.43715,-3.437150001525879,18,20.188828,-2.1888275146484375,0,0.0,0.0,8,9.704896,-1.7048959732055664,0,0.0,0.0,21,25.290524,-4.290523529052734,4,0.5675262,3.4324737787246704
195,30,39.94042,-9.940418243408203,8,8.986863,-0.9868631362915039,8,16.412863,-8.412862777709961,12,18.602188,-6.6021881103515625,0,0.0,0.0,12,7.888345,4.111655235290527,0,0.0,0.0,19,22.592148,-3.5921478271484375,2,3.1092215,-1.1092214584350586
196,30,60.651394,-30.65139389038086,3,6.7479043,-3.7479043006896973,1,2.3511033,-1.3511033058166504,19,22.629559,-3.629558563232422,0,0.0,0.0,0,11.099345,-11.099345207214355,0,0.0,0.0,17,20.977964,-3.977964401245117,2,6.3810167,-4.381016731262207
197,46,37.228073,8.771926879882812,5,5.539788,-0.539787769317627,3,3.357705,-0.35770511627197266,20,13.497065,6.502935409545898,0,0.0,0.0,7,6.3212886,0.6787114143371582,2,0.0,2.0,13,23.475567,-10.475566864013672,1,1.5855532,-0.5855531692504883
198,34,32.98413,1.015869140625,9,8.602195,0.39780521392822266,1,0.0,1.0,9,14.934098,-5.934098243713379,0,0.0,0.0,5,4.0406523,0.9593477249145508,0,0.0,0.0,15,25.471447,-10.471446990966797,3,0.0,3.0
199,32,46.640587,-14.640586853027344,7,13.203341,-6.203340530395508,6,5.145239,0.8547611236572266,14,18.635754,-4.635753631591797,0,0.0,0.0,8,7.691758,0.3082418441772461,1,0.0,1.0,19,21.050072,-2.0500717163085938,2,0.0,2.0
200,49,45.14013,3.8598709106445312,5,8.837169,-3.8371686935424805,7,6.700691,0.29930877685546875,20,13.329705,6.670294761657715,0,0.0,0.0,5,8.913456,-3.9134559631347656,0,0.0,0.0,13,19.655428,-6.655427932739258,3,0.1399947,2.8600053042173386
201,41,40.87093,0.12907028198242188,9,10.219457,-1.219456672668457,19,18.393812,0.6061878204345703,14,18.534885,-4.534885406494141,0,0.0,0.0,9,7.909372,1.0906281471252441,0,0.0,0.0,17,22.712337,-5.712337493896484,2,3.278279,-1.2782790660858154
202,133,37.878353,95.12164688110352,6,8.044125,-2.0441246032714844,3,5.019917,-2.0199170112609863,13,22.15022,-9.15022087097168,0,0.0,0.0,8,8.174338,-0.17433834075927734,1,0.0,1.0,20,19.864578,0.1354217529296875,7,1.4423823,5.557617664337158
203,47,55.765865,-8.765865325927734,5,6.031934,-1.0319337844848633,4,6.9466076,-2.9466075897216797,5,15.259667,-10.25966739654541,0,0.0,0.0,5,6.7127585,-1.7127585411071777,1,0.0,1.0,22,22.87273,-0.8727302551269531,2,0.51022875,1.4897712469100952
204,44,45.929146,-1.9291458129882812,10,11.042034,-1.0420341491699219,18,17.236473,0.7635269165039062,17,21.04685,-4.046850204467773,0,0.0,0.0,12,7.370763,4.629237174987793,1,0.0,1.0,14,27.820456,-13.820455551147461,2,2.1397357,-0.13973569869995117
205,46,42.103973,3.896026611328125,6,8.837392,-2.8373918533325195,6,6.56588,-0.5658798217773438,31,21.353456,9.646543502807617,0,0.0,0.0,2,6.270632,-4.270631790161133,1,0.0,1.0,23,21.647226,1.352773666381836,3,2.7645063,0.23549365997314453
206,28,38.39189,-10.391891479492188,18,9.405304,8.594696044921875,4,2.7150578,1.2849421501159668,14,18.654558,-4.654558181762695,0,0.0,0.0,9,12.117537,-3.1175365447998047,0,0.0,0.0,21,16.219028,4.780971527099609,2,2.0525556,-0.05255556106567383
207,37,46.008904,-9.008903503417969,6,11.295869,-5.295868873596191,8,15.922535,-7.922534942626953,13,18.082808,-5.082807540893555,1,0.0,1.0,9,6.940963,2.059037208557129,0,0.0,0.0,25,25.419094,-0.4190940856933594,3,2.6122622,0.3877377510070801
208,26,36.962482,-10.962482452392578,6,7.630787,-1.6307868957519531,6,4.2532907,1.7467093467712402,24,18.007988,5.992012023925781,0,0.0,0.0,5,10.606273,-5.6062726974487305,0,0.0,0.0,17,22.36433,-5.364330291748047,1,1.3577988,-0.35779881477355957
209,43,47.685547,-4.685546875,17,13.483798,3.516201972961426,16,15.77151,0.22848987579345703,26,23.3345,2.6655006408691406,0,0.0,0.0,9,5.96785,3.0321497917175293,1,0.0,1.0,31,27.10884,3.8911590576171875,3,2.8607945,0.1392054557800293
210,32,41.44736,-9.44736099243164,8,7.9522767,0.04772329330444336,8,13.231071,-5.231071472167969,17,19.576828,-2.5768280029296875,0,0.0,0.0,4,8.378993,-4.378993034362793,0,0.0,0.0,13,24.319584,-11.319583892822266,2,2.7654722,-0.7654721736907959
211,32,42.011135,-10.01113510131836,6,9.716012,-3.7160120010375977,1,6.8309503,-5.8309502601623535,11,19.23333,-8.233329772949219,0,0.0,0.0,6,9.862524,-3.8625240325927734,0,0.0,0.0,24,23.715296,0.28470420837402344,3,2.7330737,0.26692628860473633
212,37,47.518715,-10.518714904785156,11,9.232688,1.7673120498657227,9,9.3633375,-0.36333751678466797,25,22.40337,2.596630096435547,0,0.0,0.0,4,11.453985,-7.453985214233398,0,0.0,0.0,28,26.338696,1.6613044738769531,0,1.8202058,-1.820205807685852
213,38,44.236046,-6.236045837402344,7,9.516345,-2.5163450241088867,2,3.81814,-1.8181400299072266,16,22.192818,-6.192817687988281,0,0.0,0.0,13,9.429447,3.5705528259277344,0,0.0,0.0,18,25.562052,-7.562051773071289,1,1.4450679,-0.4450678825378418
214,37,38.38961,-1.3896102905273438,10,9.483525,0.516474723815918,4,7.4134154,-3.4134154319763184,13,19.681887,-6.681886672973633,0,0.0,0.0,4,7.040431,-3.040431022644043,0,0.0,0.0,23,23.167152,-0.16715240478515625,3,1.3493208,1.6506792306900024
215,45,55.316093,-10.316093444824219,7,9.030699,-2.030698776245117,7,12.810002,-5.810002326965332,11,20.502054,-9.502054214477539,0,0.0,0.0,6,10.277683,-4.277683258056641,0,0.0,0.0,6,24.876299,-18.876298904418945,1,3.7070806,-2.707080602645874
216,46,56.317703,-10.317703247070312,8,8.610553,-0.6105527877807617,17,14.240279,2.759720802307129,13,15.842992,-2.842991828918457,0,0.0,0.0,9,7.7021303,1.2978696823120117,0,0.0,0.0,22,26.317223,-4.317222595214844,3,2.8235455,0.1764545440673828
217,51,49.21735,1.7826499938964844,7,10.10293,-3.1029300689697266,10,11.466396,-1.4663963317871094,20,18.889975,1.110025405883789,0,0.0,0.0,6,8.232714,-2.2327136993408203,0,0.0,0.0,20,25.442608,-5.442607879638672,2,3.3005042,-1.300504207611084
218,37,40.984642,-3.9846420288085938,3,9.661587,-6.661586761474609,3,7.0415354,-4.041535377502441,18,23.150728,-5.150728225708008,0,0.0,0.0,2,9.600771,-7.600770950317383,0,0.0,0.0,14,28.461761,-14.461761474609375,1,2.1888514,-1.1888513565063477
219,38,43.622124,-5.622123718261719,6,9.877225,-3.877224922180176,11,14.289242,-3.2892417907714844,13,20.30243,-7.30242919921875,0,0.0,0.0,5,7.7546487,-2.7546486854553223,0,0.0,0.0,18,24.933064,-6.933063507080078,3,3.0231452,-0.023145198822021484
220,34,42.229527,-8.22952651977539,12,6.227695,5.772305011749268,5,1.1335369,3.8664630651474,15,19.134924,-4.134923934936523,1,0.0,1.0,7,7.3429832,-0.3429832458496094,0,0.0,0.0,19,17.670685,1.329315185546875,3,4.6640563,-1.6640563011169434
221,35,35.928658,-0.9286575317382812,10,6.9378524,3.062147617340088,4,2.0515623,1.9484376907348633,29,16.90114,12.098859786987305,0,0.0,0.0,10,8.315081,1.6849193572998047,0,0.0,0.0,20,15.368637,4.6313629150390625,5,1.791116,3.2088840007781982
222,42,53.420197,-11.420196533203125,7,7.4420733,-0.44207334518432617,17,11.584465,5.415534973144531,8,15.333339,-7.333338737487793,0,0.0,0.0,8,7.067024,0.9329757690429688,1,0.0,1.0,18,21.843779,-3.843778610229492,3,0.7390026,2.2609974145889282
223,48,51.125362,-3.1253623962402344,7,10.55258,-3.552579879760742,11,15.982501,-4.982501029968262,15,16.008995,-1.0089950561523438,0,0.0,0.0,12,6.7772126,5.222787380218506,0,0.0,0.0,17,24.131348,-7.13134765625,3,2.3549502,0.6450498104095459
224,37,48.1018,-11.101799011230469,7,11.074557,-4.074557304382324,15,17.599375,-2.599374771118164,21,18.783163,2.216836929321289,0,0.0,0.0,4,6.4437866,-2.44378662109375,0,0.0,0.0,23,24.934189,-1.9341888427734375,2,2.7480712,-0.7480711936950684
225,60,45.970093,14.0299072265625,11,9.640282,1.3597183227539062,2,3.583919,-1.5839190483093262,12,16.875927,-4.875926971435547,0,0.0,0.0,8,9.837253,-1.8372526168823242,0,0.0,0.0,37,27.705048,9.294952392578125,2,0.9886211,1.0113788843154907
226,50,45.80667,4.193328857421875,16,12.446828,3.5531721115112305,7,22.871677,-15.87167739868164,12,17.95592,-5.95591926574707,0,0.0,0.0,11,5.540464,5.459536075592041,0,0.0,0.0,21,24.589636,-3.5896358489990234,2,1.8840497,0.11595034599304199
227,52,49.667103,2.332897186279297,12,12.05628,-0.05628013610839844,2,4.863729,-2.8637290000915527,28,23.077812,4.922187805175781,0,0.0,0.0,7,9.447983,-2.4479827880859375,1,0.0,1.0,11,23.813473,-12.813472747802734,3,2.8427286,0.1572713851928711
228,34,38.68829,-4.688289642333984,11,9.336955,1.6630449295043945,8,7.7166386,0.28336143493652344,25,20.357882,4.642118453979492,0,0.0,0.0,10,8.72018,1.279820442199707,0,0.0,0.0,18,20.443352,-2.4433517456054688,0,4.073168,-4.07316780090332
229,34,47.007324,-13.00732421875,8,5.7041926,2.295807361602783,1,3.0009007,-2.0009007453918457,18,20.519508,-2.5195083618164062,0,0.0,0.0,14,10.068869,3.931131362915039,0,0.0,0.0,15,19.099226,-4.099225997924805,1,2.1381617,-1.1381616592407227
230,52,44.990868,7.009132385253906,8,11.668808,-3.6688079833984375,10,5.5776377,4.422362327575684,21,22.075163,-1.0751628875732422,0,0.0,0.0,7,10.113876,-3.1138763427734375,0,0.0,0.0,29,23.680935,5.319065093994141,4,2.477456,1.5225439071655273
231,52,48.17424,3.8257598876953125,11,10.2388115,0.7611885070800781,4,5.990118,-1.9901180267333984,16,17.025637,-1.0256366729736328,0,0.0,0.0,7,9.459604,-2.459604263305664,0,0.16483961,-0.16483961045742035,27,23.080132,3.9198684692382812,1,2.3689668,-1.368966817855835
232,41,39.98755,1.012451171875,8,9.129495,-1.1294946670532227,13,12.576369,0.4236307144165039,16,15.467519,0.5324811935424805,0,0.0,0.0,6,8.316771,-2.316770553588867,0,0.0,0.0,21,24.245058,-3.245058059692383,2,1.2532537,0.746746301651001
233,42,46.11072,-4.110721588134766,13,10.351945,2.648055076599121,15,20.809708,-5.8097076416015625,13,18.49157,-5.491569519042969,0,0.0,0.0,5,6.6867537,-1.686753749847412,0,0.0,0.0,18,21.639362,-3.639362335205078,3,3.3052382,-0.3052382469177246
234,50,40.11119,9.888809204101562,7,11.585656,-4.58565616607666,14,8.807977,5.192023277282715,16,12.26803,3.7319698333740234,1,0.0,1.0,9,8.909815,0.09018516540527344,0,0.0,0.0,15,21.404877,-6.404876708984375,1,2.272567,-1.2725670337677002
235,47,44.3427,2.657299041748047,8,7.6467667,0.35323333740234375,5,5.723969,-0.7239689826965332,15,16.002443,-1.0024433135986328,0,0.0,0.0,4,7.8503137,-3.850313663482666,1,0.0,1.0,37,20.332527,16.66747283935547,2,0.69282496,1.3071750402450562
236,38,39.037853,-1.0378532409667969,11,7.0049233,3.9950766563415527,1,1.599944,-0.599943995475769,13,17.805222,-4.8052215576171875,1,0.0,1.0,8,6.162029,1.8379712104797363,0,0.0,0.0,25,23.101744,1.8982563018798828,2,3.4293501,-1.4293501377105713
237,36,39.65758,-3.657581329345703,13,4.9843884,8.01561164855957,3,2.8953843,0.10461568832397461,21,17.62173,3.3782691955566406,0,0.0,0.0,4,5.941522,-1.9415221214294434,0,0.0,0.0,16,16.538263,-0.5382633209228516,2,4.6186886,-2.6186885833740234
238,31,43.33926,-12.33926010131836,8,8.892328,-0.8923282623291016,11,18.27883,-7.278829574584961,21,19.248976,1.7510242462158203,0,0.0,0.0,7,7.260757,-0.2607569694519043,0,0.0,0.0,20,24.452753,-4.452753067016602,0,2.5815797,-2.5815796852111816
239,45,45.721386,-0.7213859558105469,3,8.390239,-5.3902387619018555,8,7.680716,0.31928396224975586,25,24.381575,0.6184253692626953,0,0.0,0.0,8,10.928759,-2.9287586212158203,0,0.0,0.0,24,23.208775,0.7912254333496094,1,2.7248487,-1.724848747253418
240,35,45.930943,-10.93094253540039,5,6.0419483,-1.0419483184814453,2,4.878371,-2.878370761871338,12,12.355951,-0.35595130920410156,1,0.0,1.0,8,8.718866,-0.7188663482666016,0,0.0,0.0,16,25.28389,-9.283889770507812,2,0.19327702,1.8067229837179184
241,49,42.477757,6.522243499755859,5,7.648538,-2.648538112640381,6,2.8372815,3.1627185344696045,21,17.709282,3.2907180786132812,0,0.0,0.0,6,8.620148,-2.620147705078125,0,0.11376183,-0.11376182734966278,37,19.3881,17.611900329589844,3,2.7771688,0.22283124923706055
242,31,46.46164,-15.461639404296875,7,8.661805,-1.6618051528930664,9,12.230756,-3.2307558059692383,18,20.97041,-2.970409393310547,0,0.0,0.0,7,7.835934,-0.8359341621398926,0,0.0,0.0,14,23.626581,-9.626581192016602,3,1.9332124,1.066787600517273
243,40,34.154003,5.845996856689453,12,7.5413675,4.458632469177246,1,0.7125877,0.28741228580474854,10,11.005729,-1.0057287216186523,0,0.0,0.0,12,5.6861024,6.313897609710693,1,0.0,1.0,22,20.010822,1.9891777038574219,1,1.5570241,-0.5570241212844849
244,41,38.575638,2.4243621826171875,6,11.325803,-5.325802803039551,3,4.768941,-1.7689409255981445,30,19.506016,10.49398422241211,0,0.43478614,-0.4347861409187317,9,5.836264,3.163735866546631,0,0.0,0.0,17,21.996988,-4.996988296508789,2,3.363767,-1.3637669086456299
245,59,55.54035,3.4596481323242188,8,7.488831,0.5111689567565918,16,12.970236,3.029764175415039,16,16.065163,-0.06516265869140625,0,0.0,0.0,4,5.112227,-1.112226963043213,0,0.0,0.0,26,24.733088,1.2669124603271484,2,0.9588815,1.0411185026168823
246,35,50.253105,-15.253105163574219,10,5.3211093,4.678890705108643,1,2.2019622,-1.2019622325897217,9,12.318706,-3.3187055587768555,0,0.0,0.0,11,7.6816363,3.318363666534424,0,0.0,0.0,27,23.45799,3.5420093536376953,0,2.2027617,-2.202761650085449
247,42,47.091118,-5.091117858886719,6,8.373366,-2.373366355895996,2,3.1970408,-1.1970407962799072,34,18.860518,15.139482498168945,0,0.0,0.0,10,8.486045,1.5139551162719727,0,0.0,0.0,17,21.51586,-4.515859603881836,1,2.6936147,-1.6936147212982178
248,49,46.07129,2.9287109375,8,7.4136863,0.5863137245178223,3,4.0190625,-1.0190625190734863,20,16.296331,3.7036685943603516,0,0.0,0.0,5,9.786119,-4.78611946105957,0,0.0,0.0,26,25.599352,0.4006481170654297,1,0.32750672,0.6724932789802551
249,50,50.35659,-0.35659027099609375,9,9.059992,-0.05999183654785156,13,8.170638,4.829361915588379,16,17.548775,-1.5487747192382812,0,0.0,0.0,7,6.320827,0.6791729927062988,0,1.1631235,-1.1631234884262085,36,23.751072,12.24892807006836,2,2.5230806,-0.523080587387085
250,95,47.817646,47.18235397338867,14,11.018949,2.981051445007324,10,3.8935428,6.106457233428955,24,21.668406,2.331594467163086,0,0.0,0.0,8,9.014296,-1.0142955780029297,0,0.0,0.0,23,24.146725,-1.1467247009277344,9,2.5752006,6.42479944229126
251,43,51.261147,-8.261146545410156,5,8.832393,-3.832392692565918,5,7.640174,-2.64017391204834,15,16.594702,-1.5947017669677734,0,0.0,0.0,6,8.6995325,-2.6995325088500977,0,0.0,0.0,29,25.64365,3.3563499450683594,3,2.6481166,0.3518834114074707
252,46,26.939194,19.060806274414062,9,6.6695247,2.330475330352783,0,6.568154,-6.5681538581848145,16,17.84309,-1.8430900573730469,0,0.0,0.0,6,6.4318223,-0.4318222999572754,0,0.0,0.0,23,19.029736,3.970264434814453,4,0.0,4.0
253,45,43.753174,1.246826171875,7,8.6166315,-1.6166315078735352,15,16.146086,-1.1460857391357422,13,18.93918,-5.939180374145508,0,0.0,0.0,8,7.58452,0.4154801368713379,0,0.0,0.0,26,23.220385,2.7796154022216797,2,1.797866,0.20213401317596436
254,43,46.3698,-3.369800567626953,11,7.2403207,3.7596793174743652,17,13.8661785,3.133821487426758,10,18.768642,-8.76864242553711,0,0.0,0.0,8,8.157063,-0.15706253051757812,0,0.0,0.0,23,22.06565,0.9343490600585938,3,2.131565,0.8684349060058594
255,50,42.84708,7.152919769287109,12,14.361439,-2.361438751220703,2,2.7922356,-0.7922356128692627,26,25.421986,0.5780143737792969,0,0.0,0.0,4,7.8114944,-3.8114943504333496,0,0.0,0.0,14,27.216011,-13.216011047363281,3,0.0,3.0
256,34,43.230263,-9.230262756347656,9,12.146449,-3.146449089050293,3,5.6698217,-2.6698217391967773,17,24.535294,-7.5352935791015625,0,0.0,0.0,13,7.4722753,5.527724742889404,0,0.0,0.0,31,22.553387,8.446613311767578,4,2.3003733,1.6996266841888428
257,53,58.46064,-5.460639953613281,7,11.862067,-4.862067222595215,15,15.437659,-0.43765926361083984,25,16.90348,8.096519470214844,0,0.0,0.0,8,9.413935,-1.4139347076416016,0,0.0,0.0,26,26.567244,-0.5672435760498047,2,2.2279415,-0.22794151306152344
258,40,37.204327,2.795673370361328,5,8.010805,-3.010805130004883,2,6.4120026,-4.4120025634765625,13,16.889578,-3.889577865600586,0,0.0,0.0,8,6.368522,1.6314778327941895,0,0.0,0.0,18,19.831749,-1.8317489624023438,1,2.3659096,-1.3659095764160156
259,45,42.94719,2.0528106689453125,10,11.896575,-1.8965749740600586,6,6.2208257,-0.2208256721496582,27,23.840374,3.159626007080078,0,0.0,0.0,7,9.335413,-2.3354129791259766,1,0.0,1.0,17,22.72052,-5.72052001953125,5,4.8068576,0.19314241409301758
260,30,49.66709,-19.667091369628906,7,6.989322,0.010677814483642578,1,1.348225,-0.3482249975204468,13,16.310425,-3.3104248046875,0,0.0,0.0,12,8.887792,3.112208366394043,0,0.0,0.0,11,18.910696,-7.910696029663086,4,6.156519,-2.1565189361572266
261,47,41.13771,5.8622894287109375,5,12.920737,-7.920737266540527,7,3.840539,3.15946102142334,12,16.95097,-4.950969696044922,0,0.0,0.0,5,5.816335,-0.8163352012634277,0,0.0,0.0,29,20.71384,8.28615951538086,2,0.9547242,1.0452758073806763
262,50,52.215958,-2.2159576416015625,14,8.93925,5.0607500076293945,7,13.597705,-6.597704887390137,14,17.465282,-3.465282440185547,0,0.0,0.0,12,7.3544965,4.645503520965576,0,0.0,0.0,19,22.657717,-3.657716751098633,2,1.3628347,0.6371653079986572
263,38,34.174713,3.825286865234375,8,5.261852,2.7381482124328613,1,1.6647842,-0.6647841930389404,10,13.78585,-3.7858495712280273,0,0.0,0.0,4,4.526278,-0.526278018951416,0,0.0,0.0,12,19.353558,-7.353557586669922,2,2.3318484,-0.3318483829498291
264,33,40.83541,-7.835411071777344,5,8.896575,-3.8965749740600586,20,12.736951,7.263049125671387,23,19.29142,3.7085800170898438,0,0.0,0.0,12,8.25262,3.747380256652832,0,0.0,0.0,28,22.307432,5.692567825317383,1,1.8548726,-0.8548725843429565
265,51,48.37139,2.6286087036132812,12,12.820564,-0.8205642700195312,11,12.534202,-1.5342016220092773,27,24.368206,2.631793975830078,0,0.0,0.0,5,6.7957344,-1.7957344055175781,0,0.0,0.0,27,23.51246,3.487539291381836,3,2.8552933,0.14470672607421875
266,41,32.34178,8.658218383789062,11,7.581218,3.4187822341918945,5,4.1082873,0.8917126655578613,17,19.329624,-2.3296241760253906,0,0.0,0.0,5,3.8005729,1.1994271278381348,0,0.0,0.0,28,24.780943,3.219057083129883,1,1.0244277,-0.02442765235900879
267,54,47.10276,6.897239685058594,16,11.203248,4.796751976013184,9,8.604259,0.39574146270751953,24,19.505669,4.494331359863281,0,0.0,0.0,6,7.065786,-1.0657858848571777,0,0.0,0.0,23,25.188389,-2.1883888244628906,0,1.2625077,-1.262507677078247
268,45,37.78833,7.211669921875,9,7.918444,1.0815558433532715,1,2.182131,-1.182131052017212,26,16.858625,9.141374588012695,0,0.0,0.0,6,9.1834755,-3.1834754943847656,0,0.0,0.0,9,18.428509,-9.428508758544922,1,2.4497862,-1.4497861862182617
269,26,41.79704,-15.797039031982422,9,7.03211,1.9678897857666016,7,8.727389,-1.7273893356323242,22,16.867893,5.132106781005859,0,0.0,0.0,5,7.713009,-2.7130088806152344,0,0.0,0.0,19,21.908487,-2.908487319946289,2,0.7939298,1.2060701847076416
270,49,48.343452,0.6565475463867188,14,11.961292,2.038707733154297,6,16.22556,-10.22555923461914,19,19.074368,-0.07436752319335938,0,0.0,0.0,5,7.3138175,-2.3138175010681152,3,0.0,3.0,24,25.964663,-1.9646625518798828,0,1.1515758,-1.1515758037567139
271,38,41.166687,-3.16668701171875,9,9.932829,-0.9328289031982422,1,5.6579556,-4.657955646514893,15,18.75967,-3.7596702575683594,0,0.0,0.0,5,6.547691,-1.5476908683776855,0,0.0,0.0,17,21.9497,-4.949699401855469,4,0.0,4.0
272,56,47.86046,8.139541625976562,9,10.683605,-1.6836051940917969,19,14.57755,4.422450065612793,26,21.674406,4.325593948364258,0,0.0,0.0,9,8.556314,0.44368553161621094,0,0.0,0.0,19,27.066374,-8.066373825073242,1,1.2281251,-0.22812509536743164
273,41,47.220467,-6.220466613769531,8,7.7286553,0.2713446617126465,4,9.631452,-5.631451606750488,29,24.33039,4.669609069824219,1,0.0,1.0,8,10.215754,-2.2157535552978516,2,0.0,2.0,29,25.029446,3.9705543518066406,1,3.534675,-2.534674882888794
274,52,44.92405,7.075950622558594,11,11.725061,-0.7250614166259766,15,18.248014,-3.248014450073242,22,20.591028,1.4089717864990234,0,0.0,0.0,10,8.124935,1.8750648498535156,0,0.0,0.0,25,24.719164,0.2808361053466797,2,3.282738,-1.2827379703521729
275,43,42.57809,0.4219093322753906,9,9.339272,-0.33927154541015625,13,14.8933115,-1.8933115005493164,11,16.412128,-5.412128448486328,0,0.0,0.0,7,5.0269113,1.9730887413024902,0,0.0,0.0,29,20.512693,8.487306594848633,2,1.5297792,0.47022080421447754
276,44,37.574783,6.4252166748046875,9,6.1386914,2.8613085746765137,2,1.3501594,0.6498405933380127,21,12.2020445,8.797955513000488,0,0.0,0.0,2,9.905588,-7.905588150024414,0,0.0,0.0,16,16.584038,-0.5840377807617188,2,3.4406233,-1.4406232833862305
277,45,40.606274,4.393726348876953,15,8.609221,6.390778541564941,3,3.9931605,-0.9931604862213135,28,20.21297,7.787029266357422,0,0.0,0.0,6,8.939255,-2.9392547607421875,0,0.0,0.0,17,21.68214,-4.682140350341797,3,1.2055775,1.7944225072860718
278,39,43.752586,-4.752586364746094,18,8.985976,9.014023780822754,15,18.31376,-3.313760757446289,23,17.43317,5.566829681396484,0,0.0,0.0,9,6.799489,2.2005109786987305,1,0.0,1.0,21,21.45892,-0.4589195251464844,2,2.4387958,-0.438795804977417
279,38,50.543343,-12.543342590332031,25,12.607921,12.39207935333252,3,5.155059,-2.1550588607788086,27,23.2779,3.7220993041992188,0,0.0,0.0,7,11.271086,-4.271085739135742,0,0.0,0.0,24,23.61601,0.3839893341064453,7,3.1130137,3.886986255645752
280,41,52.84887,-11.848869323730469,7,9.28927,-2.2892704010009766,11,12.447549,-1.4475488662719727,13,16.267626,-3.2676258087158203,0,0.0,0.0,11,8.318043,2.681957244873047,1,0.0,1.0,35,22.70379,12.296209335327148,2,2.9182134,-0.9182133674621582
281,42,42.990143,-0.990142822265625,18,13.9853945,4.014605522155762,7,4.6335297,2.3664703369140625,24,22.959679,1.0403213500976562,0,0.0,0.0,7,10.229296,-3.2292957305908203,0,0.0,0.0,22,25.15003,-3.1500301361083984,3,2.3826325,0.6173675060272217
282,59,56.97355,2.0264511108398438,6,11.949398,-5.949398040771484,18,15.735515,2.2644853591918945,21,18.939297,2.0607032775878906,0,0.0,0.0,12,8.111521,3.888479232788086,2,0.0,2.0,38,30.502024,7.497976303100586,6,1.5537269,4.4462730884552
283,34,42.170227,-8.17022705078125,6,8.668737,-2.6687374114990234,6,8.095607,-2.095606803894043,18,19.313265,-1.3132648468017578,0,0.0,0.0,7,10.45437,-3.45436954498291,0,0.0,0.0,35,24.936256,10.063743591308594,1,2.506486,-1.506485939025879
284,43,47.183685,-4.183685302734375,8,9.330157,-1.3301572799682617,9,9.546166,-0.5461664199829102,14,15.006108,-1.006108283996582,0,0.0,0.0,10,8.808395,1.1916046142578125,0,0.6485465,-0.6485465168952942,19,19.92686,-0.9268608093261719,3,1.3815368,1.618463158607483
285,44,47.50589,-3.505889892578125,10,11.428927,-1.4289274215698242,18,15.988669,2.0113306045532227,16,20.348164,-4.348163604736328,0,0.0,0.0,5,7.163366,-2.1633658409118652,1,0.0,1.0,20,24.436815,-4.43681526184082,4,0.9136207,3.086379289627075
286,45,46.436455,-1.4364547729492188,14,10.47114,3.528860092163086,5,5.562039,-0.5620388984680176,18,20.534252,-2.534252166748047,0,0.0,0.0,12,7.285397,4.714602947235107,0,0.0,0.0,21,24.947716,-3.9477157592773438,1,2.747493,-1.747493028640747
287,39,45.9283,-6.9282989501953125,9,7.5680814,1.4319186210632324,10,8.059438,1.9405622482299805,23,13.720849,9.27915096282959,0,0.0,0.0,6,6.715247,-0.7152471542358398,0,0.0,0.0,14,24.13956,-10.13956069946289,2,0.50528395,1.4947160482406616
288,49,51.007866,-2.0078659057617188,11,12.112281,-1.1122808456420898,11,13.101014,-2.1010141372680664,21,16.960438,4.039562225341797,0,0.0,0.0,5,7.711868,-2.7118678092956543,0,0.0,0.0,25,25.595459,-0.595458984375,2,3.1656427,-1.1656427383422852
289,34,32.434113,1.565887451171875,17,9.030597,7.969403266906738,1,4.630577,-3.6305770874023438,13,13.787857,-0.7878570556640625,0,0.0,0.0,9,3.9472406,5.052759408950806,0,0.0,0.0,22,16.471748,5.528251647949219,0,0.3862002,-0.3862001895904541
290,47,38.576374,8.423625946044922,10,7.334021,2.6659789085388184,15,10.588836,4.411164283752441,23,19.752314,3.2476863861083984,0,0.0,0.0,3,8.171991,-5.171991348266602,0,0.0,0.0,20,20.167812,-0.16781234741210938,2,3.1433148,-1.1433148384094238
291,51,43.4722,7.527801513671875,4,8.623559,-4.62355899810791,1,0.0,1.0,25,20.678638,4.321361541748047,0,0.0,0.0,8,9.649729,-1.649728775024414,0,0.0,0.0,23,22.811827,0.1881732940673828,4,3.1271443,0.8728556632995605
292,34,44.160923,-10.16092300415039,10,7.2986054,2.701394557952881,5,6.0172606,-1.0172605514526367,22,20.145578,1.854421615600586,1,0.0,1.0,9,7.7151146,1.2848854064941406,0,0.0,0.0,18,21.733421,-3.7334213256835938,3,3.1754136,-0.1754136085510254
293,47,49.372356,-2.372356414794922,8,10.873261,-2.8732614517211914,4,4.5647464,-0.5647463798522949,20,20.151184,-0.15118408203125,0,0.0,0.0,8,8.245015,-0.24501514434814453,0,0.0,0.0,15,27.019798,-12.019798278808594,2,2.387006,-0.3870060443878174
294,45,44.774918,0.2250823974609375,8,10.094193,-2.094193458557129,12,9.576098,2.4239015579223633,19,23.081158,-4.081157684326172,0,0.0,0.0,9,9.306129,-0.30612945556640625,1,0.0,1.0,24,23.356018,0.64398193359375,0,2.0785599,-2.0785598754882812
295,31,43.734177,-12.734176635742188,15,10.3039665,4.696033477783203,5,1.926082,3.0739179849624634,28,23.779438,4.220561981201172,0,0.0,0.0,9,9.512438,-0.5124378204345703,0,0.0,0.0,23,21.332912,1.6670875549316406,2,1.0557277,0.9442722797393799
296,46,50.864166,-4.864166259765625,6,7.1210585,-1.121058464050293,3,3.3767242,-0.3767242431640625,11,14.744321,-3.744320869445801,0,0.0,0.0,9,9.763557,-0.7635574340820312,0,1.366566,-1.3665659427642822,35,24.034922,10.965078353881836,0,1.9302627,-1.9302626848220825
297,60,43.56126,16.438739776611328,10,6.987448,3.012551784515381,3,5.6269813,-2.626981258392334,17,17.977386,-0.977386474609375,0,0.0,0.0,23,9.5907955,13.409204483032227,1,0.0,1.0,16,20.515533,-4.515533447265625,0,1.133524,-1.133523941040039
298,29,41.572636,-12.572635650634766,18,7.910876,10.089124202728271,1,4.0098834,-3.009883403778076,6,13.254212,-7.254212379455566,0,0.0,0.0,4,6.345076,-2.345076084136963,0,0.98508525,-0.9850852489471436,16,25.250492,-9.250492095947266,1,0.0,1.0
299,43,47.772324,-4.7723236083984375,17,12.848107,4.15189266204834,13,7.1704555,5.829544544219971,28,20.66153,7.338470458984375,0,0.0,0.0,9,11.37339,-2.3733901977539062,0,0.0,0.0,47,25.764568,21.235431671142578,6,2.629493,3.370507001876831
300,50,43.854454,6.145545959472656,11,11.603811,-0.6038112640380859,10,11.388183,-1.3881826400756836,25,23.72651,1.2734909057617188,0,0.0,0.0,5,10.343487,-5.343486785888672,0,0.0,0.0,34,25.615452,8.38454818725586,2,1.3327994,0.6672005653381348
301,36,42.25134,-6.251338958740234,9,13.347756,-4.347756385803223,1,4.771311,-3.771310806274414,15,17.657913,-2.6579132080078125,1,0.0,1.0,8,7.302133,0.6978669166564941,0,0.0,0.0,17,17.145329,-0.14532852172851562,1,0.8719245,0.1280754804611206
302,43,48.47914,-5.4791412353515625,16,13.537306,2.4626941680908203,1,5.588576,-4.588575839996338,24,19.939257,4.06074333190918,0,0.0,0.0,9,7.390411,1.6095890998840332,0,0.0,0.0,22,25.50245,-3.502450942993164,3,2.3918157,0.6081843376159668
303,37,46.8859,-9.88589859008789,7,9.918367,-2.918367385864258,2,5.8378434,-3.837843418121338,21,13.100409,7.899591445922852,0,0.0,0.0,8,8.057959,-0.05795860290527344,0,0.0,0.0,23,23.20532,-0.2053203582763672,4,2.721593,1.278407096862793
304,28,48.617325,-20.617324829101562,5,7.7113485,-2.711348533630371,3,1.4458634,1.5541366338729858,17,24.125416,-7.125415802001953,0,0.0,0.0,9,7.921328,1.078671932220459,0,0.0,0.0,20,19.857765,0.14223480224609375,3,6.74611,-3.746109962463379
305,48,54.484272,-6.484272003173828,11,6.897084,4.1029157638549805,12,12.591535,-0.5915346145629883,12,15.402148,-3.4021482467651367,0,0.0,0.0,5,6.9252763,-1.925276279449463,0,0.0,0.0,15,23.522125,-8.522125244140625,1,4.2001467,-3.2001466751098633
306,34,42.96528,-8.965278625488281,10,8.590783,1.4092168807983398,4,5.7508564,-1.7508563995361328,20,23.941124,-3.9411239624023438,0,0.0,0.0,6,11.329809,-5.329809188842773,1,0.0,1.0,30,20.802992,9.19700813293457,1,3.9190457,-2.9190456867218018
307,34,43.752434,-9.752433776855469,5,9.126698,-4.126697540283203,13,9.972389,3.0276107788085938,35,21.510508,13.489492416381836,0,0.0,0.0,4,4.1777234,-0.17772340774536133,0,0.0,0.0,28,29.803432,-1.8034324645996094,2,2.0891886,-0.0891885757446289
308,34,42.52216,-8.522159576416016,10,7.5391927,2.4608073234558105,9,7.8892546,1.1107454299926758,19,21.284132,-2.2841320037841797,0,0.0,0.0,11,7.1636987,3.836301326751709,0,0.0,0.0,40,23.787067,16.212932586669922,2,1.7492429,0.250757098197937
309,57,54.43853,2.5614700317382812,4,9.193118,-5.193118095397949,13,13.244525,-0.24452495574951172,10,17.540722,-7.540721893310547,0,0.0,0.0,9,8.256779,0.7432212829589844,0,0.0,0.0,22,21.39763,0.6023693084716797,1,3.5627494,-2.5627493858337402
310,40,47.44392,-7.443920135498047,13,10.872443,2.127556800842285,5,3.0814357,1.9185643196105957,18,18.590519,-0.5905189514160156,0,0.0,0.0,11,10.224007,0.7759933471679688,0,0.0,0.0,24,22.294815,1.7051849365234375,4,2.829453,1.1705470085144043
311,42,41.957584,0.042415618896484375,7,8.664673,-1.6646728515625,15,14.169577,0.8304233551025391,28,21.48246,6.517539978027344,0,0.0,0.0,1,8.374422,-7.374422073364258,0,0.0,0.0,26,22.183054,3.816946029663086,0,2.4620001,-2.4620001316070557
312,73,56.088333,16.911666870117188,10,7.030007,2.9699931144714355,8,12.818053,-4.818053245544434,7,16.31088,-9.310880661010742,0,0.0,0.0,11,8.754391,2.2456092834472656,0,0.0,0.0,22,23.018833,-1.0188331604003906,0,2.032521,-2.0325210094451904
313,42,50.231247,-8.231246948242188,15,12.211076,2.788924217224121,12,16.518126,-4.518125534057617,24,22.937984,1.0620155334472656,0,0.0,0.0,7,9.749966,-2.7499656677246094,1,0.0,1.0,29,32.525593,-3.525592803955078,2,1.4279758,0.5720242261886597
314,35,43.1284,-8.128398895263672,11,13.688032,-2.6880321502685547,3,3.1190104,-0.11901044845581055,14,21.63545,-7.63545036315918,0,0.0,0.0,4,9.204499,-5.204499244689941,0,0.0,0.0,24,24.090591,-0.0905914306640625,0,1.8818402,-1.8818402290344238
315,44,45.657017,-1.6570167541503906,8,11.342043,-3.342042922973633,13,16.873125,-3.8731250762939453,14,17.956041,-3.9560413360595703,0,0.0,0.0,9,6.30529,2.6947097778320312,0,0.0,0.0,32,24.594711,7.4052886962890625,2,3.1672063,-1.1672062873840332
316,32,39.40718,-7.4071807861328125,15,11.028809,3.97119140625,18,16.925837,1.0741634368896484,25,17.768581,7.231418609619141,0,0.0,0.0,16,7.5470195,8.452980518341064,0,0.0,0.0,19,21.94805,-2.948049545288086,3,2.9889011,0.011098861694335938
317,29,41.126205,-12.126205444335938,8,8.132606,-0.13260555267333984,1,10.747606,-9.74760627746582,13,21.935001,-8.935001373291016,0,0.0,0.0,13,9.25552,3.7444801330566406,0,0.0,0.0,33,23.201187,9.798812866210938,1,1.8476717,-0.8476717472076416
318,46,50.75963,-4.7596282958984375,17,12.680905,4.319094657897949,14,18.012653,-4.012653350830078,18,23.137379,-5.137378692626953,0,0.0,0.0,7,9.27231,-2.272310256958008,0,0.0,0.0,38,33.03179,4.968208312988281,2,3.505224,-1.5052239894866943
319,41,40.472046,0.5279541015625,9,11.269035,-2.2690353393554688,4,7.0790453,-3.079045295715332,24,21.314285,2.6857147216796875,0,0.0,0.0,10,8.934399,1.0656013488769531,0,0.0,0.0,35,22.51624,12.483760833740234,4,1.1491321,2.8508678674697876
320,43,44.97864,-1.9786415100097656,9,10.349215,-1.3492145538330078,0,4.2273364,-4.227336406707764,13,16.627285,-3.6272850036621094,0,0.0,0.0,12,7.292708,4.707292079925537,0,0.0,0.0,28,21.136633,6.863367080688477,0,2.3722148,-2.3722147941589355
321,49,29.763245,19.23675537109375,5,2.8257186,2.174281358718872,2,3.0171046,-1.0171046257019043,17,13.167884,3.83211612701416,0,0.0,0.0,4,5.62032,-1.6203198432922363,0,0.0,0.0,27,15.046996,11.953003883361816,5,0.0,5.0
322,55,42.610558,12.389442443847656,9,10.864135,-1.8641347885131836,12,15.90241,-3.902409553527832,19,17.01477,1.9852294921875,0,0.0,0.0,8,7.225,0.7750000953674316,0,0.0,0.0,24,23.35325,0.6467494964599609,3,2.790717,0.20928311347961426
323,31,47.457253,-16.457252502441406,6,9.155959,-3.155959129333496,12,15.774102,-3.774102210998535,27,19.220825,7.7791748046875,0,0.0,0.0,4,8.238813,-4.238813400268555,0,0.0,0.0,20,24.536596,-4.536596298217773,0,2.2846432,-2.2846431732177734
324,37,41.354935,-4.3549346923828125,9,10.029144,-1.029144287109375,14,10.281461,3.718539237976074,30,16.542616,13.45738410949707,0,0.0,0.0,10,9.3018055,0.6981945037841797,0,0.0,0.0,34,19.952303,14.047697067260742,5,3.6473734,1.3526265621185303
325,28,36.04822,-8.048221588134766,5,6.1306524,-1.1306524276733398,1,2.8947659,-1.894765853881836,19,17.551308,1.4486923217773438,0,0.0,0.0,15,6.476249,8.52375078201294,0,0.0,0.0,24,18.493446,5.506553649902344,3,0.6747129,2.325287103652954
326,23,44.422024,-21.42202377319336,6,9.320277,-3.320277214050293,2,2.001505,-0.0015048980712890625,16,20.336975,-4.33697509765625,0,0.0,0.0,3,6.8479123,-3.847912311553955,0,0.0,0.0,16,19.716812,-3.7168121337890625,2,2.0454898,-0.04548978805541992
327,51,52.49937,-1.4993705749511719,7,5.3494735,1.650526523590088,0,2.628875,-2.6288750171661377,13,12.214854,0.7851457595825195,1,0.0,1.0,10,7.073465,2.926535129547119,0,0.0,0.0,23,23.310802,-0.3108024597167969,1,1.8857913,-0.8857913017272949
328,56,45.039955,10.960044860839844,8,11.254224,-3.2542238235473633,20,18.229012,1.7709884643554688,15,20.188108,-5.188108444213867,0,0.0,0.0,8,8.324955,-0.3249549865722656,0,0.0,0.0,30,22.000614,7.999385833740234,3,3.6453636,-0.6453635692596436
329,34,38.315628,-4.3156280517578125,5,8.021759,-3.021759033203125,2,6.089934,-4.0899338722229,10,14.707564,-4.707564353942871,0,0.0,0.0,3,6.8966413,-3.896641254425049,0,0.0,0.0,14,14.002542,-0.0025415420532226562,1,0.0,1.0
330,42,43.774708,-1.7747077941894531,7,8.955279,-1.9552793502807617,13,13.197446,-0.19744586944580078,14,20.636978,-6.6369781494140625,0,0.0,0.0,6,7.5688586,-1.5688586235046387,0,0.0,0.0,18,23.209234,-5.209234237670898,2,2.478782,-0.47878193855285645
331,46,44.628235,1.37176513671875,8,8.74799,-0.7479896545410156,18,18.644825,-0.6448249816894531,16,18.07542,-2.075420379638672,0,0.0,0.0,11,8.866001,2.1339988708496094,0,0.0,0.0,26,23.031555,2.96844482421875,0,3.727588,-3.727587938308716
332,41,48.052193,-7.052192687988281,15,12.432443,2.5675573348999023,24,14.402305,9.597695350646973,33,19.18786,13.812139511108398,0,0.0,0.0,11,9.161932,1.8380680084228516,0,0.0,0.0,23,27.507805,-4.507804870605469,2,2.5552316,-0.5552315711975098
333,39,35.31425,3.685749053955078,8,5.818608,2.181392192840576,4,0.044970438,3.9550295621156693,15,12.118901,2.881098747253418,0,0.0,0.0,7,8.178278,-1.1782779693603516,0,0.0,0.0,17,18.25711,-1.257110595703125,2,0.0,2.0
334,69,36.62668,32.373321533203125,7,8.407147,-1.4071474075317383,8,14.227217,-6.227216720581055,12,15.237559,-3.2375593185424805,0,0.0,0.0,7,7.441158,-0.44115781784057617,0,0.0,0.0,25,20.81338,4.186620712280273,4,1.6939957,2.306004285812378
335,22,37.94248,-15.94247817993164,5,10.455573,-5.455573081970215,6,3.7583752,2.2416248321533203,29,19.750393,9.24960708618164,0,0.0,0.0,8,9.210102,-1.2101020812988281,0,0.0,0.0,20,22.359268,-2.3592681884765625,3,0.7670698,2.2329301834106445
336,53,48.377712,4.622287750244141,16,12.66888,3.3311195373535156,12,18.03897,-6.038970947265625,19,20.526506,-1.5265064239501953,0,0.0,0.0,9,6.952381,2.047618865966797,0,0.0,0.0,21,28.042526,-7.0425262451171875,4,2.5023394,1.4976606369018555
337,39,33.587654,5.412345886230469,7,4.682698,2.3173022270202637,0,1.0958406,-1.095840573310852,18,14.701255,3.2987451553344727,0,0.0,0.0,7,3.391886,3.608114004135132,0,0.0,0.0,32,22.39348,9.60651969909668,3,1.2647351,1.7352648973464966
338,39,42.13588,-3.1358795166015625,15,10.840234,4.15976619720459,18,12.419583,5.580416679382324,17,23.705948,-6.7059478759765625,0,0.0,0.0,6,9.587514,-3.5875139236450195,0,0.0,0.0,23,23.189884,-0.18988418579101562,2,1.8145783,0.18542170524597168
339,35,38.95324,-3.9532394409179688,9,10.983143,-1.9831428527832031,9,9.21445,-0.21444988250732422,24,17.958414,6.041585922241211,0,0.0,0.0,10,6.9763846,3.0236153602600098,1,0.0,1.0,21,20.851677,0.14832305908203125,1,2.6445484,-1.6445484161376953
340,38,39.01917,-1.0191688537597656,11,6.5386405,4.46135950088501,1,4.3894086,-3.389408588409424,18,20.861427,-2.8614273071289062,0,0.0,0.0,11,6.6244664,4.375533580780029,0,0.0,0.0,25,14.456307,10.543692588806152,4,2.8138757,1.186124324798584
341,32,43.569866,-11.569866180419922,7,11.191812,-4.191811561584473,24,17.04161,6.9583892822265625,24,18.964529,5.035470962524414,0,0.0,0.0,7,7.1553273,-0.15532732009887695,2,0.0,2.0,21,24.282627,-3.2826271057128906,1,2.4721646,-1.4721646308898926
342,48,47.382866,0.6171340942382812,19,10.167148,8.832852363586426,9,10.437369,-1.4373693466186523,31,22.774899,8.225101470947266,0,0.0,0.0,11,9.258986,1.741013526916504,0,0.0,0.0,19,26.849255,-7.849254608154297,3,2.8529973,0.1470026969909668
343,40,42.774292,-2.7742919921875,14,10.542077,3.45792293548584,2,6.4536624,-4.453662395477295,26,25.555048,0.44495201110839844,1,0.0,1.0,10,9.567403,0.43259716033935547,0,0.0,0.0,20,24.230644,-4.230644226074219,3,3.0061677,-0.00616765022277832
344,60,45.07545,14.924549102783203,9,10.346889,-1.346888542175293,6,6.3013487,-0.3013486862182617,13,19.478182,-6.478181838989258,0,0.0,0.0,6,10.087325,-4.087325096130371,0,0.0,0.0,20,22.969944,-2.9699440002441406,2,2.1214025,-0.12140250205993652
345,46,44.092316,1.907684326171875,16,8.01939,7.980609893798828,1,3.8127456,-2.8127455711364746,10,23.50684,-13.506839752197266,0,0.0,0.0,11,7.5367837,3.4632163047790527,0,0.0,0.0,22,26.370506,-4.370506286621094,2,1.2897028,0.7102972269058228
346,29,34.642788,-5.642787933349609,9,6.4482985,2.551701545715332,3,6.149821,-3.1498208045959473,13,17.51861,-4.518610000610352,0,0.0,0.0,5,7.888997,-2.8889970779418945,0,0.0,0.0,21,19.433748,1.5662517547607422,2,3.0109172,-1.0109171867370605
347,45,41.062073,3.93792724609375,7,8.366587,-1.366586685180664,10,11.846153,-1.8461532592773438,22,19.218197,2.7818031311035156,0,0.0,0.0,5,6.493482,-1.4934821128845215,0,0.0,0.0,36,23.631332,12.368667602539062,4,2.333556,1.6664440631866455
348,33,34.739105,-1.739105224609375,5,11.434572,-6.434572219848633,13,10.0177765,2.9822235107421875,15,19.14215,-4.14215087890625,0,0.0,0.0,7,8.094903,-1.0949029922485352,0,0.0,0.0,21,22.396929,-1.3969287872314453,3,4.728127,-1.7281270027160645
349,51,52.62082,-1.620819091796875,11,8.558252,2.4417476654052734,3,8.7702465,-5.770246505737305,10,15.31889,-5.318889617919922,0,0.0,0.0,7,9.418471,-2.418471336364746,2,0.0,2.0,19,21.271025,-2.271024703979492,5,2.3647087,2.635291337966919
350,49,55.415127,-6.415126800537109,12,9.171363,2.82863712310791,19,14.90926,4.090740203857422,19,17.097115,1.9028854370117188,0,0.0,0.0,4,6.9655986,-2.9655985832214355,0,0.0,0.0,23,21.623734,1.3762664794921875,1,2.192846,-1.1928460597991943
351,38,44.88526,-6.885261535644531,12,9.371296,2.628704071044922,16,11.742473,4.2575273513793945,23,19.30256,3.697439193725586,0,0.0,0.0,8,8.520543,-0.520543098449707,0,0.0,0.0,23,23.390402,-0.39040184020996094,7,3.31102,3.6889801025390625
352,53,44.319305,8.680694580078125,12,13.227657,-1.2276573181152344,4,8.5762005,-4.576200485229492,21,21.67693,-0.6769294738769531,0,0.0,0.0,12,8.375378,3.624622344970703,0,0.0,0.0,21,26.986458,-5.986457824707031,0,3.6524072,-3.652407169342041
353,31,38.552864,-7.552864074707031,18,9.390491,8.609509468078613,0,6.311283,-6.311283111572266,25,19.842503,5.157497406005859,0,0.0,0.0,5,10.042143,-5.042142868041992,0,0.0,0.0,26,24.523342,1.4766578674316406,4,1.0861676,2.913832426071167
354,50,44.08827,5.911731719970703,16,10.881332,5.1186676025390625,4,5.1117973,-1.1117973327636719,24,18.902275,5.097724914550781,0,0.0,0.0,12,7.59531,4.404689788818359,0,0.0,0.0,21,16.50592,4.49407958984375,3,3.2813177,-0.28131771087646484
355,38,48.64837,-10.648368835449219,10,8.695415,1.3045854568481445,6,3.9579735,2.0420265197753906,11,16.47158,-5.471580505371094,0,0.0,0.0,8,8.533201,-0.5332012176513672,0,0.0,0.0,30,24.474312,5.525688171386719,1,0.2226081,0.7773918956518173
356,46,53.533722,-7.533721923828125,7,10.04736,-3.047360420227051,6,5.8730235,0.12697649002075195,22,19.771744,2.2282562255859375,0,0.0,0.0,2,6.1649523,-4.164952278137207,1,0.0,1.0,16,25.283485,-9.283485412597656,3,2.4130378,0.5869622230529785
357,35,48.08916,-13.089160919189453,7,8.442011,-1.4420108795166016,3,4.2815514,-1.2815513610839844,9,18.060684,-9.060684204101562,0,0.0,0.0,10,5.7874904,4.212509632110596,0,0.0,0.0,27,15.614884,11.385115623474121,4,3.3808656,0.6191344261169434
358,32,42.84414,-10.844139099121094,10,11.291857,-1.2918567657470703,12,14.220223,-2.2202234268188477,25,23.532898,1.46710205078125,0,0.0,0.0,4,9.050983,-5.050983428955078,0,0.0,0.0,11,26.838722,-15.838722229003906,1,2.5161936,-1.5161936283111572
359,42,49.436977,-7.436977386474609,8,7.460816,0.5391840934753418,4,8.790883,-4.7908830642700195,13,14.217242,-1.2172422409057617,0,0.0,0.0,9,7.1378217,1.8621783256530762,1,0.0,1.0,31,22.803896,8.196104049682617,3,1.4905285,1.5094715356826782
360,49,47.239094,1.7609062194824219,8,10.176361,-2.176361083984375,17,16.373726,0.6262741088867188,25,22.81646,2.1835403442382812,0,0.0,0.0,11,8.6816635,2.3183364868164062,0,0.0,0.0,36,32.10192,3.8980789184570312,4,2.4144225,1.5855774879455566
361,77,45.50862,31.491378784179688,7,9.081192,-2.0811920166015625,15,14.595174,0.40482616424560547,17,20.55634,-3.5563392639160156,0,0.0,0.0,9,9.732153,-0.7321529388427734,0,0.0,0.0,31,27.04201,3.9579906463623047,7,2.6632144,4.336785554885864
362,60,45.97293,14.027069091796875,10,11.739356,-1.7393560409545898,12,16.74451,-4.744510650634766,20,20.48687,-0.48686981201171875,0,0.0,0.0,8,9.794106,-1.7941055297851562,0,0.0,0.0,24,29.092806,-5.092805862426758,5,2.134175,2.8658249378204346
363,42,45.070374,-3.07037353515625,6,12.428245,-6.428244590759277,10,6.7021523,3.2978477478027344,32,23.443497,8.556503295898438,0,0.0,0.0,6,10.25934,-4.259340286254883,0,0.0,0.0,26,20.752012,5.247987747192383,0,2.565085,-2.565084934234619
364,36,48.438023,-12.43802261352539,18,13.583476,4.4165239334106445,6,6.5638404,-0.563840389251709,16,21.352169,-5.352169036865234,0,0.0,0.0,12,9.405759,2.594241142272949,0,0.0,0.0,28,27.696217,0.3037834167480469,3,2.7578359,0.24216413497924805
365,53,47.89601,5.1039886474609375,12,10.443563,1.556436538696289,18,13.931186,4.068814277648926,24,23.77507,0.2249298095703125,1,0.0,1.0,17,7.4707804,9.529219627380371,0,0.0,0.0,35,28.505766,6.494234085083008,4,3.5942667,0.4057333469390869
