,assault_count_true_value,assault_count_pred_value,assault_count_pred_delta,auto_theft_count_true_value,auto_theft_count_pred_value,auto_theft_count_pred_delta,bicycle_theft_count_true_value,bicycle_theft_count_pred_value,bicycle_theft_count_pred_delta,break_and_enter_count_true_value,break_and_enter_count_pred_value,break_and_enter_count_pred_delta,robbery_count_true_value,robbery_count_pred_value,robbery_count_pred_delta,theft_from_motor_vehicle_count_true_value,theft_from_motor_vehicle_count_pred_value,theft_from_motor_vehicle_count_pred_delta,occ_dow,max_temperature,min_temperature,max_relative_humidity,avg_relative_humidity,avg_pressure_sea,max_wind_speed,precipitation,rain,snow,snow_on_ground,daylight,avg_cloud_cover_8,assault_count,auto_theft_count,bicycle_theft_count,break_and_enter_count,homicide_count,robbery_count,shooting_count,theft_from_motor_vehicle_count,theft_over_count,unix_timestamp
0,60,56,4,6,9,-3,16,15,1,16,17,-1,3,0,3,20,24,-4,Thursday,-1.9,-8.1,69,60.0,101.27,36,0.0,0.0,0.0,0.0,9.0,4.5,158,7,5,21,0,8,0,34,5,1420070400
1,43,44,-1,7,12,-5,1,3,-2,19,23,-4,6,0,6,20,25,-5,Friday,-1.0,-6.1,83,66.0,102.3,36,0.6,0.0,0.4,0.0,9.0,6.0,34,9,4,18,0,6,0,34,2,1420156800
2,49,34,15,16,8,8,3,0,3,15,17,-2,9,0,9,20,21,-1,Saturday,1.5,-5.8,97,82.5,101.96,29,10.8,8.0,2.4,0.0,9.0,5.0,37,10,0,4,0,8,0,21,3,1420243200
3,47,40,7,6,8,-2,14,12,2,18,15,3,7,0,7,16,25,-9,Sunday,4.3,-5.9,98,82.5,100.69,43,6.8,6.4,0.4,0.0,9.02,6.0,44,5,1,11,0,5,0,33,1,1420329600
4,38,46,-8,12,12,0,3,3,0,26,20,6,11,0,11,16,20,-4,Monday,-5.8,-14.4,83,69.5,102.38,45,0.8,0.0,0.8,1.0,9.05,3.5,39,6,1,24,0,5,1,31,2,1420416000
5,47,42,5,9,8,1,18,18,0,15,18,-3,7,0,7,19,20,-1,Tuesday,-8.3,-13.6,80,69.5,102.03,32,0.4,0.0,0.4,1.0,9.07,4.5,18,6,2,19,0,10,0,26,2,1420502400
6,38,46,-8,11,9,2,10,16,-6,25,21,4,13,0,13,22,25,-3,Wednesday,-9.4,-18.3,84,65.5,102.05,39,0.4,0.0,0.4,1.0,9.08,4.0,28,6,1,17,0,4,0,14,1,1420588800
7,50,37,13,13,10,3,2,5,-3,25,19,6,6,0,6,16,20,-4,Thursday,-9.4,-16.9,85,70.5,101.72,41,1.2,0.0,1.2,1.0,9.1,5.0,27,4,1,12,0,6,0,25,2,1420675200
8,33,36,-3,6,8,-2,10,9,1,11,19,-8,12,0,12,20,21,-1,Friday,-6.4,-13.9,84,73.5,101.38,46,1.6,0.0,1.6,2.0,9.12,4.0,36,4,4,21,0,3,0,19,0,1420761600
9,38,42,-4,10,10,0,10,12,-2,15,19,-4,10,0,10,28,22,6,Saturday,-10.0,-15.8,74,66.0,102.67,44,0.0,0.0,0.0,4.0,9.13,4.0,37,4,1,19,1,1,0,27,0,1420848000
10,61,49,12,3,9,-6,9,13,-4,9,16,-7,10,0,10,20,20,0,Sunday,-0.2,-10.8,77,64.0,102.77,26,0.0,0.0,0.4,2.0,9.18,5.0,46,6,3,9,0,6,0,33,0,1420934400
11,55,54,1,11,11,0,14,14,0,22,16,6,13,0,13,19,26,-7,Monday,-0.6,-17.1,92,78.0,103.03,39,1.0,0.0,1.4,3.0,9.2,4.0,38,5,5,18,0,9,0,36,3,1421020800
12,40,42,-2,11,9,2,3,4,-1,14,19,-5,11,0,11,24,21,3,Tuesday,-11.5,-21.2,79,59.0,104.02,28,0.0,0.0,0.0,3.0,9.23,3.5,24,5,4,16,0,9,0,18,2,1421107200
13,33,47,-14,10,10,0,14,17,-3,13,18,-5,7,0,7,16,23,-7,Wednesday,-4.2,-16.4,87,67.0,102.93,15,0.0,0.0,0.0,2.0,9.25,3.5,31,8,0,19,0,9,0,29,2,1421193600
14,48,41,7,6,12,-6,1,1,0,27,19,8,6,0,6,25,19,6,Thursday,-3.0,-13.6,82,70.5,101.64,33,0.0,0.0,0.0,2.0,9.27,4.5,26,13,0,17,0,8,0,25,0,1421280000
15,46,43,3,8,9,-1,4,0,4,24,21,3,7,0,7,23,18,5,Friday,-1.6,-15.9,89,72.0,101.75,41,0.0,0.0,0.0,2.0,9.3,4.0,37,6,1,22,0,10,0,30,4,1421366400
16,51,41,10,10,8,2,15,13,2,15,19,-4,6,0,6,20,21,-1,Saturday,4.0,-15.4,86,75.5,101.59,26,0.4,0.0,0.6,2.0,9.33,5.5,47,7,3,13,1,10,0,29,0,1421452800
17,41,41,0,12,6,6,0,1,-1,12,14,-2,10,0,10,19,17,2,Sunday,6.2,-0.3,91,75.0,100.57,31,0.4,0.4,0.0,1.0,9.37,7.5,41,13,1,18,0,5,0,32,0,1421539200
18,40,39,1,8,11,-3,5,4,1,22,21,1,8,0,8,24,20,4,Monday,0.3,-9.3,81,70.5,101.25,33,0.2,0.0,0.2,0.0,9.4,4.5,32,1,4,29,0,3,0,19,1,1421625600
19,27,30,-3,10,6,4,2,2,0,28,13,15,15,0,15,33,23,10,Tuesday,-6.4,-12.9,80,60.0,101.83,19,0.0,0.0,0.0,0.0,9.42,4.0,28,3,0,10,0,8,0,26,1,1421712000
20,46,43,3,11,8,3,9,5,4,19,19,0,10,0,10,23,23,0,Wednesday,-3.0,-13.7,79,75.0,102.08,18,0.0,0.0,0.0,0.0,9.47,4.0,27,6,1,14,0,7,0,19,1,1421798400
21,42,39,3,4,6,-2,10,5,5,19,18,1,9,0,9,22,25,-3,Thursday,0.6,-9.1,85,69.5,102.6,24,0.0,0.0,0.0,0.0,9.5,4.0,36,7,2,24,0,10,1,17,0,1421884800
22,51,37,14,13,8,5,14,8,6,15,20,-5,7,0,7,32,22,10,Friday,1.4,-6.2,87,73.0,101.85,33,0.0,0.0,0.0,0.0,9.53,4.0,34,9,4,16,0,11,0,36,3,1421971200
23,45,44,1,11,8,3,2,0,2,17,19,-2,3,0,3,19,19,0,Saturday,0.6,-6.2,91,82.0,100.32,36,0.0,0.0,0.0,0.0,9.57,7.5,49,8,3,20,0,5,0,26,1,1422057600
24,49,53,-4,9,7,2,8,14,-6,10,15,-5,6,0,6,23,22,1,Sunday,-3.0,-12.6,78,58.0,101.08,36,0.0,0.0,0.0,0.0,9.6,4.0,34,5,1,12,0,10,1,27,1,1422144000
25,49,40,9,11,7,4,17,11,6,18,18,0,10,0,10,18,24,-6,Monday,-7.7,-13.7,73,57.5,101.72,24,0.0,0.0,0.0,0.0,9.63,6.0,29,3,5,17,0,5,0,14,1,1422230400
26,59,47,12,9,8,1,6,6,0,21,16,5,11,0,11,22,22,0,Tuesday,-6.2,-12.5,80,58.0,101.95,26,0.4,0.0,0.6,0.0,9.67,4.0,29,5,0,16,0,7,1,19,0,1422316800
27,42,40,2,14,8,6,11,7,4,27,20,7,6,0,6,29,23,6,Wednesday,-1.1,-13.4,81,54.5,102.51,25,0.0,0.0,0.0,0.0,9.72,4.0,31,3,0,9,0,6,0,11,2,1422403200
28,46,41,5,11,7,4,4,9,-5,13,20,-7,12,0,12,18,22,-4,Thursday,0.0,-7.1,94,69.0,101.58,31,6.4,0.4,5.4,0.0,9.75,5.5,34,7,0,10,0,3,0,11,2,1422489600
29,34,52,-18,9,11,-2,20,18,2,18,21,-3,6,0,6,33,33,0,Friday,-1.6,-17.0,79,67.0,102.1,53,0.0,0.0,0.0,5.0,9.8,4.5,36,6,0,7,0,3,0,18,0,1422576000
30,40,52,-12,8,8,0,13,12,1,14,14,0,7,0,7,21,19,2,Saturday,-2.9,-17.8,84,73.0,102.56,27,0.0,0.0,0.0,4.0,9.83,5.5,46,5,3,20,0,7,2,13,1,1422662400
31,34,51,-17,14,10,4,11,16,-5,25,22,3,8,0,8,25,26,-1,Sunday,-2.8,-14.2,85,72.5,101.89,31,6.6,0.0,6.6,3.0,9.87,7.5,49,5,2,17,0,4,0,27,5,1422748800
32,34,39,-5,8,12,-4,4,5,-1,23,22,1,9,0,9,28,22,6,Monday,-11.1,-16.8,83,73.0,101.37,37,5.6,0.0,6.2,13.0,9.92,4.0,34,9,1,8,0,5,0,17,1,1422835200
33,36,42,-6,6,6,0,0,5,-5,19,16,3,4,0,4,28,25,3,Tuesday,-5.6,-16.0,89,74.5,102.08,39,0.8,0.0,1.0,14.0,9.95,6.0,34,5,0,12,0,6,0,15,0,1422921600
34,60,54,6,10,8,2,10,11,-1,19,16,3,6,0,6,25,22,3,Wednesday,-1.4,-9.8,93,84.5,101.61,32,0.8,0.0,0.8,14.0,10.0,6.0,33,3,1,16,1,5,0,25,4,1423008000
35,50,46,4,6,9,-3,4,7,-3,16,18,-2,9,0,9,27,25,2,Thursday,-9.4,-15.2,75,61.0,102.44,30,0.0,0.0,0.0,14.0,10.05,4.5,39,10,1,21,0,3,0,26,0,1423094400
36,45,41,4,13,12,1,6,8,-2,30,20,10,7,0,7,16,24,-8,Friday,-4.6,-13.3,84,73.0,101.96,39,0.6,0.0,0.6,14.0,10.08,5.5,44,11,1,17,0,4,0,29,1,1423180800
37,41,53,-12,10,5,5,2,2,0,14,14,0,4,0,4,17,26,-9,Saturday,-2.4,-8.4,93,84.0,101.58,28,5.4,0.0,5.6,13.0,10.12,5.0,31,13,0,12,0,4,0,17,1,1423267200
38,53,47,6,9,8,1,8,6,2,18,17,1,8,0,8,27,20,7,Sunday,-8.2,-13.2,90,84.5,101.44,25,0.0,0.0,3.0,17.0,10.17,8.0,49,3,1,19,0,2,0,24,1,1423353600
39,35,41,-6,11,8,3,14,16,-2,22,17,5,10,0,10,16,23,-7,Monday,-10.4,-13.3,79,76.0,102.07,24,0.0,0.0,0.0,18.0,10.22,7.5,40,3,0,12,0,4,0,19,3,1423440000
40,34,34,0,6,7,-1,0,0,0,9,9,0,7,0,7,26,18,8,Tuesday,-4.9,-10.4,83,74.0,102.5,18,0.0,0.0,0.0,17.0,10.25,5.5,27,10,0,23,0,4,0,33,1,1423526400
41,40,43,-3,8,9,-1,9,15,-6,20,21,-1,4,0,4,15,25,-10,Wednesday,-2.1,-9.4,91,82.0,101.6,25,1.2,0.0,1.8,13.0,10.3,6.0,31,7,2,10,0,3,0,31,1,1423612800
42,40,42,-2,13,11,2,1,0,1,16,18,-2,4,0,4,14,19,-5,Thursday,-2.7,-19.0,83,69.0,101.74,39,0.0,0.0,0.0,13.0,10.35,4.0,37,5,0,11,0,5,0,31,2,1423699200
43,42,47,-5,11,10,1,14,20,-6,23,18,5,7,0,7,17,23,-6,Friday,-9.9,-22.8,83,70.0,101.94,27,0.2,0.0,0.2,13.0,10.4,4.0,21,12,2,20,0,3,0,31,4,1423785600
44,37,42,-5,15,7,8,9,7,2,23,18,5,12,0,12,22,20,2,Saturday,-6.9,-20.6,87,71.0,100.92,46,0.4,0.0,0.4,13.0,10.45,4.5,45,9,2,20,0,4,0,36,2,1423872000
45,39,36,3,10,8,2,3,3,0,19,19,0,7,0,7,24,18,6,Sunday,-19.1,-25.5,69,60.5,102.47,50,0.0,0.0,0.0,13.0,10.48,3.0,44,9,0,11,0,6,0,26,1,1423958400
46,39,49,-10,14,10,4,13,13,0,12,17,-5,7,0,7,32,27,5,Monday,-13.4,-24.4,62,46.0,102.47,25,0.0,0.0,0.0,13.0,10.55,4.0,31,1,0,23,0,4,0,36,2,1424044800
47,28,35,-7,4,6,-2,1,0,1,17,17,0,5,0,5,24,25,-1,Tuesday,-8.6,-16.5,82,53.5,101.41,22,0.0,0.0,0.0,13.0,10.58,4.5,42,11,0,15,0,6,0,41,2,1424131200
48,54,55,-1,8,8,0,11,12,-1,10,16,-6,7,0,7,27,25,2,Wednesday,-8.6,-14.6,88,71.0,100.93,32,1.4,0.0,2.2,12.0,10.63,7.0,39,7,0,18,0,7,0,32,3,1424217600
49,47,59,-12,9,10,-1,12,13,-1,19,19,0,5,0,5,34,25,9,Thursday,-14.6,-22.1,73,59.0,101.8,35,0.0,0.0,0.0,14.0,10.68,3.0,28,4,1,17,0,5,0,24,2,1424304000
50,51,47,4,12,10,2,16,10,6,14,16,-2,7,0,7,28,23,5,Friday,-13.7,-23.5,65,51.0,102.62,25,0.0,0.0,0.0,14.0,10.73,4.0,29,4,0,21,0,3,0,23,2,1424390400
51,45,53,-8,14,5,9,2,0,2,27,18,9,6,0,6,19,18,1,Saturday,-7.8,-14.7,87,76.0,101.95,11,8.0,0.0,10.4,14.0,10.77,4.0,34,6,0,9,0,7,0,26,0,1424476800
52,39,36,3,2,7,-5,13,9,4,15,17,-2,7,0,7,24,18,6,Sunday,-3.3,-16.7,90,75.5,102.58,32,0.2,0.0,0.2,21.0,10.83,4.0,37,4,0,7,0,9,0,21,0,1424563200
53,51,50,1,10,11,-1,12,11,1,12,17,-5,7,0,7,33,30,3,Monday,-15.2,-21.6,66,57.5,103.23,33,0.0,0.0,0.0,20.0,10.87,2.5,30,2,0,12,0,5,0,29,0,1424649600
54,41,43,-2,8,9,-1,5,4,1,17,14,3,5,0,5,18,23,-5,Tuesday,-8.9,-20.1,82,64.5,101.49,39,0.0,0.0,0.0,20.0,10.92,5.5,28,13,0,10,0,5,0,19,0,1424736000
55,52,47,5,7,8,-1,8,11,-3,17,19,-2,8,0,8,22,24,-2,Wednesday,-8.5,-15.9,86,68.0,101.17,32,0.0,0.0,0.0,20.0,10.97,4.0,39,7,0,16,0,4,0,16,2,1424822400
56,47,49,-2,7,10,-3,8,11,-3,26,20,6,4,0,4,16,24,-8,Thursday,-10.3,-17.6,76,59.0,102.37,29,0.0,0.0,0.0,18.0,11.02,4.5,34,9,1,9,0,5,0,15,3,1424908800
57,45,52,-7,12,10,2,21,15,6,20,20,0,8,0,8,30,27,3,Friday,-10.0,-20.8,76,64.0,103.31,28,0.0,0.0,0.0,18.0,11.07,3.5,38,5,1,11,0,14,0,28,4,1424995200
58,41,48,-7,8,7,1,0,3,-3,14,15,-1,9,0,9,18,18,0,Saturday,-4.8,-18.7,76,61.0,104.03,18,0.0,0.0,0.0,18.0,11.1,4.0,40,12,1,10,0,12,1,22,1,1425081600
59,34,47,-13,10,10,0,26,14,12,21,18,3,5,0,5,26,22,4,Sunday,-3.6,-11.9,80,72.5,102.88,21,0.0,0.0,0.0,17.0,11.17,7.0,53,11,4,9,0,12,0,21,3,1425168000
60,36,34,2,6,6,0,0,2,-2,7,21,-14,3,0,3,18,27,-9,Monday,-2.5,-11.8,81,62.5,102.59,45,0.0,0.0,0.0,16.0,11.22,4.0,40,12,0,13,0,4,0,18,2,1425254400
61,38,47,-9,14,11,3,14,15,-1,14,20,-6,9,0,9,29,29,0,Tuesday,0.8,-13.2,96,84.0,101.55,34,6.0,1.4,4.6,15.0,11.25,5.0,26,9,0,15,0,6,0,25,0,1425340800
62,31,36,-5,10,5,5,2,0,2,14,10,4,10,0,10,24,21,3,Wednesday,0.3,-10.8,77,67.0,101.37,34,0.0,0.0,0.0,18.0,11.3,7.0,38,5,1,5,0,10,0,21,0,1425427200
63,43,41,2,7,9,-2,2,3,-1,15,17,-2,10,0,10,20,17,3,Thursday,-9.6,-16.8,66,55.0,102.8,41,0.0,0.0,0.0,18.0,11.37,4.0,31,8,4,12,0,8,0,26,2,1425513600
64,36,47,-11,10,9,1,12,8,4,10,18,-8,5,0,5,32,24,8,Friday,-5.3,-18.9,79,64.0,102.77,37,0.0,0.0,0.0,0.0,11.42,4.0,36,6,1,23,0,7,0,20,0,1425600000
65,42,42,0,8,9,-1,10,12,-2,14,19,-5,6,0,6,19,21,-2,Saturday,-0.9,-6.6,88,75.0,101.78,34,0.2,0.0,0.4,16.0,11.45,4.5,31,10,2,14,0,10,0,24,1,1425686400
66,44,44,0,15,7,8,4,3,1,15,14,1,4,0,4,8,20,-12,Sunday,1.9,-5.1,88,67.0,101.83,34,0.0,0.0,0.0,14.0,11.5,4.5,44,6,3,8,0,5,0,31,3,1425772800
67,47,53,-6,7,6,1,17,10,7,9,15,-6,10,0,10,27,24,3,Monday,5.6,-3.6,84,66.5,101.97,33,0.0,0.0,0.0,12.0,11.57,3.5,27,10,2,28,0,15,0,33,1,1425859200
68,40,49,-9,5,9,-4,3,1,2,18,19,-1,15,0,15,33,19,14,Tuesday,5.3,-1.7,86,76.5,101.78,21,0.0,0.0,0.0,7.0,11.6,4.5,36,7,2,12,0,1,0,33,2,1425945600
69,40,49,-9,9,5,4,5,6,-1,14,14,0,3,0,3,18,24,-6,Wednesday,7.6,-0.3,91,67.5,101.98,39,0.0,0.0,0.0,2.0,11.65,1.5,40,9,3,16,0,10,0,25,0,1426032000
70,38,40,-2,7,10,-3,16,17,-1,13,17,-4,10,0,10,29,23,6,Thursday,3.7,-2.6,74,51.0,103.3,24,0.0,0.0,0.0,1.0,11.7,4.0,31,7,2,16,0,6,0,41,1,1426118400
71,46,49,-3,9,10,-1,5,11,-6,16,15,1,8,0,8,23,22,1,Friday,5.6,-1.6,73,50.5,102.77,20,0.0,0.0,0.0,1.0,11.77,4.5,32,8,1,21,0,6,0,27,2,1426204800
72,43,28,15,6,7,-1,0,0,0,9,15,-6,9,0,9,8,17,-9,Saturday,6.2,0.8,97,83.0,101.28,35,0.0,0.0,0.0,0.0,11.82,7.5,52,9,7,12,0,11,0,30,1,1426291200
73,30,39,-9,7,10,-3,1,3,-2,19,23,-4,12,0,12,17,23,-6,Sunday,6.6,-0.6,82,66.5,101.54,39,0.0,0.0,0.0,0.0,11.85,5.0,34,6,3,17,0,7,0,26,2,1426377600
74,61,54,7,11,8,3,13,13,0,17,18,-1,9,0,9,23,23,0,Monday,11.9,0.0,91,73.0,101.31,26,1.6,1.6,0.0,0.0,11.9,7.5,34,3,5,21,0,13,0,21,1,1426464000
75,36,53,-17,8,8,0,5,6,-1,19,13,6,10,0,10,12,24,-12,Tuesday,5.5,-4.6,94,61.0,101.27,59,0.4,0.4,0.0,0.0,11.97,4.0,31,8,4,19,0,4,1,21,2,1426550400
76,49,53,-4,9,11,-2,14,12,2,21,15,6,6,0,6,26,25,1,Wednesday,3.0,-6.2,60,45.5,102.28,43,0.0,0.0,0.0,0.0,12.02,3.0,36,6,0,19,1,4,0,28,4,1426636800
77,37,44,-7,13,4,9,0,0,0,12,17,-5,4,0,4,18,20,-2,Thursday,2.0,-8.0,66,48.0,102.75,18,0.0,0.0,0.0,0.0,12.07,4.0,37,13,2,14,0,9,0,20,1,1426723200
78,45,39,6,9,5,4,2,0,2,20,12,8,4,0,4,36,25,11,Friday,8.1,-1.5,76,57.5,102.04,17,0.2,0.2,0.0,0.0,12.1,5.0,40,11,6,14,0,5,0,23,2,1426809600
79,53,33,20,11,4,7,4,1,3,9,8,1,12,0,12,21,24,-3,Saturday,6.9,-6.4,93,68.0,101.57,46,2.0,2.0,0.0,0.0,12.17,4.0,47,6,8,14,0,8,1,18,5,1426896000
80,29,45,-16,4,9,-5,2,5,-3,11,24,-13,6,0,6,22,23,-1,Sunday,-1.8,-10.3,74,54.0,102.43,37,0.2,0.0,0.2,0.0,12.22,3.5,48,7,2,12,0,7,0,26,1,1426982400
81,33,42,-9,9,7,2,6,5,1,23,21,2,9,0,9,12,22,-10,Monday,-2.6,-11.3,71,50.5,102.79,25,0.0,0.0,0.0,0.0,12.27,3.5,41,11,5,17,0,5,0,28,1,1427068800
82,49,42,7,6,8,-2,3,4,-1,13,14,-1,6,0,6,16,21,-5,Tuesday,1.7,-10.4,70,52.5,102.88,17,0.0,0.0,0.0,0.0,12.32,3.5,29,8,4,25,0,3,0,23,0,1427155200
83,38,40,-2,12,7,5,9,11,-2,10,16,-6,5,0,5,34,23,11,Wednesday,6.6,-4.7,96,73.5,101.89,30,2.9,2.9,0.0,0.0,12.35,4.5,22,5,6,29,0,8,0,20,3,1427241600
84,44,44,0,5,6,-1,5,4,1,28,13,15,6,0,6,21,22,-1,Thursday,5.6,-0.7,91,78.5,101.12,27,0.6,0.6,0.0,0.0,12.42,7.0,29,9,2,13,0,6,0,20,2,1427328000
85,47,55,-8,5,7,-2,12,13,-1,17,15,2,12,0,12,27,23,4,Friday,0.6,-8.2,82,67.5,101.42,37,0.0,0.0,0.0,0.0,12.47,7.0,26,8,1,30,0,9,0,26,1,1427414400
86,40,38,2,9,8,1,9,9,0,23,20,3,6,0,6,15,24,-9,Saturday,-1.1,-11.1,61,43.5,102.23,31,0.0,0.0,0.0,0.0,12.52,4.0,29,18,1,6,0,4,0,16,1,1427500800
87,43,42,1,6,9,-3,6,6,0,34,24,10,13,0,13,21,24,-3,Sunday,6.0,-9.4,83,56.0,101.69,36,0.2,0.2,0.0,0.0,12.57,4.0,40,3,1,11,0,2,0,25,0,1427587200
88,38,50,-12,9,10,-1,1,0,1,21,23,-2,3,0,3,14,18,-4,Monday,7.9,-2.7,87,67.5,100.76,50,0.0,0.0,0.0,0.0,12.62,4.0,31,4,0,19,0,6,1,25,3,1427673600
89,54,48,6,5,11,-6,15,14,1,19,20,-1,8,0,8,26,28,-2,Tuesday,7.2,-4.1,83,61.5,101.28,26,0.0,0.0,0.0,0.0,12.67,4.0,46,8,5,19,0,7,0,12,2,1427760000
90,49,55,-6,5,7,-2,10,9,1,25,17,8,8,0,8,18,24,-6,Wednesday,6.8,-3.7,64,43.5,101.92,18,0.0,0.0,0.0,0.0,12.72,3.5,51,14,7,18,0,7,0,36,6,1427846400
91,37,42,-5,8,11,-3,8,12,-4,24,22,2,13,0,13,23,26,-3,Thursday,18.2,1.7,92,63.5,101.16,39,4.0,4.0,0.0,0.0,12.77,6.0,44,9,6,31,0,7,0,28,1,1427932800
92,35,43,-8,15,7,8,6,7,-1,15,22,-7,9,0,9,34,25,9,Friday,14.9,1.5,95,67.5,100.93,32,3.6,3.6,0.0,0.0,12.82,5.0,39,11,5,23,0,2,0,25,0,1428019200
93,39,38,1,13,7,6,7,6,1,22,18,4,8,0,8,23,21,2,Saturday,5.2,-2.0,94,65.5,101.49,36,1.6,0.0,2.0,2.0,12.85,4.0,38,10,3,13,0,5,0,26,1,1428105600
94,40,43,-3,11,8,3,6,9,-3,14,21,-7,5,0,5,23,23,0,Sunday,2.1,-3.0,82,69.5,102.22,27,0.0,0.0,0.0,2.0,12.92,5.0,40,8,3,22,0,10,0,29,0,1428192000
95,41,45,-4,4,11,-7,18,19,-1,22,18,4,5,0,5,24,27,-3,Monday,9.1,0.1,87,66.0,102.23,21,0.0,0.0,0.0,0.0,12.97,4.5,30,14,2,17,0,7,0,29,0,1428278400
96,43,42,1,12,8,4,7,7,0,19,17,2,3,0,3,24,20,4,Tuesday,8.2,0.6,86,57.0,102.6,29,0.0,0.0,0.0,0.0,13.02,5.0,28,10,7,15,0,4,0,28,2,1428364800
97,43,43,0,16,12,4,22,18,4,21,18,3,6,0,6,23,25,-2,Wednesday,4.0,1.3,94,63.5,102.26,32,17.6,17.6,0.0,0.0,13.05,7.0,41,14,3,20,0,2,0,30,1,1428451200
98,45,54,-9,14,7,7,11,13,-2,17,16,1,5,0,5,16,21,-5,Thursday,8.5,1.5,97,95.0,101.35,21,11.4,11.4,0.0,0.0,13.1,6.0,32,18,4,28,1,4,0,30,1,1428537600
99,46,43,3,11,7,4,13,7,6,32,25,7,6,0,6,24,25,-1,Friday,16.9,3.7,97,77.0,100.38,58,3.0,3.0,0.0,0.0,13.17,5.5,37,11,9,25,0,4,0,28,0,1428624000
100,46,41,5,6,10,-4,18,13,5,20,19,1,9,0,9,24,26,-2,Saturday,11.3,2.6,73,55.5,101.75,40,0.0,0.0,0.0,0.0,13.22,4.0,54,12,3,17,0,3,1,23,1,1428710400
101,58,53,5,10,14,-4,15,20,-5,32,22,10,4,0,4,24,25,-1,Sunday,17.7,2.1,81,57.0,102.32,25,0.0,0.0,0.0,0.0,13.25,2.0,53,8,2,6,0,9,0,29,1,1428796800
102,31,41,-10,7,9,-2,2,5,-3,16,18,-2,6,0,6,41,22,19,Monday,24.7,5.5,84,64.0,101.51,51,4.8,4.8,0.0,0.0,13.3,4.0,30,9,10,19,0,8,0,41,1,1428883200
103,37,38,-1,6,7,-1,1,2,-1,22,20,2,10,0,10,30,27,3,Tuesday,17.8,3.1,82,50.5,102.25,24,0.0,0.0,0.0,0.0,13.35,3.5,47,5,11,16,1,6,0,34,2,1428969600
104,39,45,-6,10,12,-2,4,5,-1,24,18,6,12,0,12,18,21,-3,Wednesday,15.8,3.9,55,40.0,102.73,22,0.0,0.0,0.0,0.0,13.42,2.0,43,8,12,17,0,7,0,26,4,1429056000
105,36,47,-11,14,11,3,18,16,2,27,20,7,7,0,7,26,29,-3,Thursday,15.6,1.5,85,58.0,102.42,30,0.4,0.4,0.0,0.0,13.45,6.0,31,10,11,16,0,6,0,35,2,1429142400
106,36,35,1,4,9,-5,1,3,-2,19,20,-1,11,0,11,19,21,-2,Friday,22.4,7.8,96,63.0,101.57,26,0.0,0.0,0.0,0.0,13.5,4.0,46,4,12,18,0,10,0,31,6,1429228800
107,36,38,-2,3,9,-6,2,1,1,12,18,-6,6,0,6,10,23,-13,Saturday,20.0,4.4,75,50.5,101.86,45,0.0,0.0,0.0,0.0,13.55,3.0,50,9,13,16,0,7,0,36,2,1429315200
108,52,48,4,18,11,7,10,6,4,24,20,4,11,0,11,24,24,0,Sunday,12.3,3.9,72,53.0,101.69,37,7.2,7.2,0.0,0.0,13.58,4.0,48,5,10,8,0,5,0,36,1,1429401600
109,49,45,4,6,8,-2,24,15,9,12,18,-6,3,0,3,31,24,7,Monday,16.8,5.0,96,79.5,100.06,39,18.6,18.6,0.0,0.0,13.65,6.0,38,4,8,17,0,9,0,31,2,1429488000
110,43,44,-1,11,8,3,11,12,-1,21,20,1,8,0,8,20,23,-3,Tuesday,10.6,3.8,87,68.0,100.19,49,6.0,6.0,0.0,0.0,13.68,5.0,40,9,8,12,0,7,0,29,2,1429574400
111,44,45,-1,2,10,-8,4,4,0,8,14,-6,6,0,6,20,21,-1,Wednesday,8.7,-0.8,89,72.0,100.42,42,0.4,0.4,0.0,0.0,13.73,6.5,26,9,7,22,0,5,0,19,2,1429660800
112,45,44,1,9,9,0,2,5,-3,23,21,2,7,0,7,20,25,-5,Thursday,3.2,-1.3,79,66.0,101.01,40,0.0,0.0,0.0,0.0,13.78,6.5,36,4,8,20,1,7,0,33,3,1429747200
113,48,47,1,7,11,-4,16,6,10,22,21,1,7,0,7,21,26,-5,Friday,7.7,-2.5,73,56.0,101.61,35,0.0,0.0,0.0,0.0,13.82,3.5,34,10,9,19,0,11,0,40,2,1429833600
114,42,30,12,10,5,5,0,2,-2,17,13,4,7,0,7,16,19,-3,Saturday,11.7,-2.9,75,57.0,101.33,26,0.0,0.0,0.0,0.0,13.88,2.0,45,3,11,9,0,12,0,36,2,1429920000
115,34,46,-12,18,11,7,2,5,-3,19,26,-7,11,0,11,15,23,-8,Sunday,12.8,1.4,76,59.5,101.06,36,0.0,0.0,0.0,0.0,13.92,4.0,40,9,5,14,0,3,0,18,1,1430006400
116,43,34,9,10,7,3,6,6,0,18,18,0,10,0,10,18,21,-3,Monday,12.7,3.7,88,68.5,101.3,32,0.2,0.2,0.0,0.0,13.97,5.5,38,7,6,21,0,6,0,22,3,1430092800
117,54,54,0,7,11,-4,8,13,-5,16,18,-2,10,0,10,22,28,-6,Tuesday,18.8,4.7,78,59.0,101.49,26,0.0,0.0,0.0,0.0,14.0,4.0,34,8,8,20,0,12,0,24,1,1430179200
118,75,43,32,13,15,-2,15,18,-3,27,23,4,10,0,10,25,27,-2,Wednesday,19.8,5.2,82,60.5,100.95,20,0.0,0.0,0.0,0.0,14.05,3.5,48,6,10,18,0,7,0,15,1,1430265600
119,44,43,1,9,7,2,5,4,1,8,14,-6,5,0,5,20,25,-5,Thursday,18.4,6.1,79,61.5,101.06,18,0.0,0.0,0.0,0.0,14.1,4.5,40,9,8,14,0,12,0,14,4,1430352000
120,61,44,17,10,9,1,10,15,-5,16,17,-1,6,0,6,24,26,-2,Friday,21.5,7.4,78,55.5,101.57,25,0.0,0.0,0.0,0.0,14.15,4.0,67,8,11,27,0,12,0,27,4,1430438400
121,28,44,-16,5,8,-3,19,16,3,19,19,0,5,0,5,20,24,-4,Saturday,23.6,6.7,74,51.5,101.58,23,0.0,0.0,0.0,0.0,14.18,3.5,49,7,11,8,0,7,0,21,0,1430524800
122,31,45,-14,8,10,-2,2,0,2,11,19,-8,6,0,6,21,17,4,Sunday,25.5,8.8,67,46.5,101.61,34,0.0,0.0,0.0,0.0,14.22,4.0,57,6,10,14,0,5,0,17,3,1430611200
123,42,44,-2,12,10,2,5,1,4,22,16,6,10,0,10,25,21,4,Monday,24.4,10.3,75,58.0,101.94,34,0.4,0.4,0.0,0.0,14.27,4.5,49,11,17,18,0,10,0,18,4,1430697600
124,51,41,10,12,7,5,2,3,-1,13,14,-1,9,0,9,21,17,4,Tuesday,16.3,6.8,74,54.5,102.46,18,0.0,0.0,0.0,0.0,14.32,4.5,40,11,8,19,0,2,0,24,4,1430784000
125,44,38,6,9,13,-4,13,18,-5,14,19,-5,9,0,9,23,23,0,Wednesday,22.2,6.8,83,56.5,102.43,22,0.0,0.0,0.0,0.0,14.37,4.5,27,6,11,23,0,9,0,26,3,1430870400
126,31,41,-10,7,8,-1,3,4,-1,19,18,1,12,0,12,20,20,0,Thursday,24.1,9.3,65,52.5,102.05,17,0.0,0.0,0.0,0.0,14.4,3.0,52,7,15,24,0,14,0,26,4,1430956800
127,54,51,3,11,10,1,16,16,0,21,23,-2,13,0,13,23,23,0,Friday,24.8,11.5,84,66.5,101.67,20,0.4,0.4,0.0,0.0,14.43,4.0,38,8,12,15,1,12,0,33,4,1431043200
128,42,35,7,7,9,-2,9,8,1,16,17,-1,6,0,6,21,20,1,Saturday,27.3,13.0,93,70.5,101.73,19,10.4,10.4,0.0,0.0,14.47,5.0,50,9,12,12,0,8,0,31,3,1431129600
129,43,48,-5,14,13,1,20,18,2,20,19,1,8,0,8,22,28,-6,Sunday,25.5,16.1,93,80.0,101.78,19,2.2,2.2,0.0,0.0,14.52,6.5,55,10,9,19,0,2,0,28,3,1431216000
130,48,55,-7,9,7,2,8,8,0,15,18,-3,6,0,6,21,28,-7,Monday,19.9,12.6,96,85.5,101.3,24,5.6,5.6,0.0,0.0,14.55,5.5,34,7,8,17,0,4,0,21,6,1431302400
131,27,43,-16,11,8,3,19,16,3,22,17,5,6,0,6,24,21,3,Tuesday,17.4,6.8,97,75.0,101.24,43,0.0,0.0,0.0,0.0,14.6,5.0,46,8,15,20,0,10,0,27,4,1431388800
132,43,48,-5,6,9,-3,5,5,0,13,19,-6,3,0,3,17,24,-7,Wednesday,13.9,4.7,82,59.0,102.38,36,0.0,0.0,0.0,0.0,14.63,4.0,28,11,8,17,0,5,0,27,1,1431475200
133,59,60,-1,5,8,-3,12,14,-2,18,19,-1,7,0,7,28,23,5,Thursday,17.4,3.4,63,45.5,102.89,16,0.0,0.0,0.0,0.0,14.67,3.5,35,10,15,17,0,12,0,27,3,1431561600
134,40,45,-5,9,11,-2,10,20,-10,15,16,-1,7,0,7,30,26,4,Friday,14.9,9.0,78,63.0,102.07,16,0.2,0.2,0.0,0.0,14.7,7.5,40,9,7,31,0,6,0,23,2,1431648000
135,49,42,7,11,10,1,18,19,-1,21,20,1,5,0,5,21,25,-4,Saturday,25.6,12.3,81,64.0,101.86,25,0.0,0.0,0.0,0.0,14.73,4.5,57,3,8,19,0,11,0,32,2,1431734400
136,50,49,1,16,11,5,17,11,6,18,15,3,8,0,8,27,23,4,Sunday,22.8,13.3,79,66.5,102.07,17,0.0,0.0,0.0,0.0,14.77,4.0,32,10,7,15,1,6,0,33,6,1431820800
137,21,36,-15,12,4,8,2,0,2,20,17,3,3,0,3,31,25,6,Monday,29.4,12.8,83,65.5,101.52,27,0.0,0.0,0.0,0.0,14.8,4.5,36,9,11,18,0,8,0,28,1,1431907200
138,40,45,-5,12,9,3,7,6,1,21,20,1,6,0,6,19,24,-5,Tuesday,20.1,4.2,85,69.0,101.47,37,0.0,0.0,0.0,0.0,14.83,4.5,33,8,13,19,0,9,1,22,1,1431993600
139,46,37,9,10,7,3,5,4,1,17,20,-3,9,0,9,20,19,1,Wednesday,16.7,3.2,83,54.5,101.86,31,0.0,0.0,0.0,0.0,14.87,4.0,42,7,16,16,0,7,0,21,2,1432080000
140,36,40,-4,8,8,0,6,12,-6,18,18,0,6,0,6,19,21,-2,Thursday,20.4,7.4,50,37.0,101.33,33,0.0,0.0,0.0,0.0,14.9,4.5,44,9,15,14,0,7,1,34,3,1432166400
141,43,49,-6,8,10,-2,17,15,2,25,19,6,12,0,12,44,21,23,Friday,16.1,4.2,71,53.0,101.94,32,0.0,0.0,0.0,0.0,14.93,3.5,52,7,8,17,0,8,0,22,2,1432252800
142,53,49,4,8,6,2,2,7,-5,6,14,-8,9,0,9,29,22,7,Saturday,22.8,1.1,71,45.5,102.71,28,0.0,0.0,0.0,0.0,14.97,1.5,44,5,15,10,0,4,0,22,0,1432339200
143,33,43,-10,10,10,0,0,0,0,12,20,-8,6,0,6,16,19,-3,Sunday,28.7,10.8,43,33.5,102.22,30,0.2,0.2,0.0,0.0,15.0,4.0,50,8,17,22,0,4,0,22,0,1432425600
144,33,33,0,11,7,4,2,3,-1,16,16,0,9,0,9,16,16,0,Monday,28.1,16.9,70,59.0,101.66,46,0.0,0.0,0.0,0.0,15.03,5.5,49,9,9,10,1,6,0,21,2,1432512000
145,62,48,14,19,12,7,10,7,3,35,21,14,5,0,5,14,28,-14,Tuesday,29.2,18.2,81,64.5,101.61,30,0.0,0.0,0.0,0.0,15.05,4.5,40,10,16,15,0,8,0,17,3,1432598400
146,34,40,-6,13,8,5,19,13,6,22,16,6,6,0,6,18,21,-3,Wednesday,28.9,17.3,82,62.5,101.42,44,0.0,0.0,0.0,0.0,15.08,6.5,55,6,16,11,0,6,0,17,0,1432684800
147,33,37,-4,4,8,-4,3,5,-2,20,20,0,5,0,5,25,22,3,Thursday,26.2,14.9,82,61.5,102.03,40,0.0,0.0,0.0,0.0,15.12,4.0,44,6,13,23,0,5,0,18,0,1432771200
148,41,44,-3,5,9,-4,19,16,3,28,18,10,7,0,7,32,22,10,Friday,26.1,15.5,73,58.5,102.05,19,0.0,0.0,0.0,0.0,15.13,4.0,56,5,18,14,0,14,0,21,1,1432857600
149,45,41,4,12,8,4,23,14,9,18,18,0,6,0,6,31,20,11,Saturday,29.3,11.0,94,74.5,101.53,30,23.0,23.0,0.0,0.0,15.17,4.5,49,8,8,18,1,7,0,23,4,1432944000
150,58,40,18,4,8,-4,5,7,-2,16,19,-3,15,0,15,14,21,-7,Sunday,11.1,7.3,93,83.0,102.2,39,20.4,20.4,0.0,0.0,15.2,7.5,48,9,10,14,0,4,0,20,3,1433030400
151,50,51,-1,9,9,0,12,9,3,12,17,-5,8,0,8,31,19,12,Monday,16.0,7.5,79,71.5,102.27,21,0.0,0.0,0.0,0.0,15.22,6.0,66,12,13,28,0,7,1,28,13,1433116800
152,51,40,11,15,7,8,16,12,4,23,15,8,5,0,5,22,22,0,Tuesday,18.6,8.1,90,69.0,102.24,19,0.0,0.0,0.0,0.0,15.25,3.0,33,13,13,23,0,11,0,21,1,1433203200
153,34,44,-10,10,10,0,13,13,0,19,16,3,9,0,9,17,21,-4,Wednesday,19.4,8.8,80,59.5,102.22,17,0.0,0.0,0.0,0.0,15.25,2.5,42,4,12,15,1,10,0,14,3,1433289600
154,43,44,-1,8,10,-2,13,16,-3,18,19,-1,7,0,7,37,25,12,Thursday,22.4,10.8,78,70.0,101.92,17,0.0,0.0,0.0,0.0,15.28,3.5,33,13,12,12,0,7,0,18,1,1433376000
155,38,55,-17,14,12,2,1,4,-3,27,27,0,8,0,8,18,25,-7,Friday,25.0,13.8,87,74.5,101.53,30,6.0,6.0,0.0,0.0,15.3,5.0,39,15,18,17,0,6,0,23,2,1433462400
156,39,47,-8,11,11,0,6,6,0,29,23,6,8,0,8,31,22,9,Saturday,17.2,10.4,79,59.5,102.05,26,0.0,0.0,0.0,0.0,15.32,3.0,48,7,13,22,0,7,0,22,2,1433548800
157,51,56,-5,8,9,-1,7,14,-7,16,19,-3,5,0,5,20,23,-3,Sunday,20.4,9.2,84,65.0,101.32,22,7.2,7.2,0.0,0.0,15.33,4.0,39,8,10,17,0,7,0,21,0,1433635200
158,41,55,-14,10,6,4,16,11,5,17,16,1,6,0,6,21,22,-1,Monday,23.5,16.9,94,78.0,100.34,28,20.8,20.8,0.0,0.0,15.35,7.0,48,9,14,24,0,6,0,24,1,1433721600
159,29,37,-8,9,9,0,1,3,-2,15,20,-5,5,0,5,27,25,2,Tuesday,22.9,14.6,89,73.0,100.54,23,2.2,2.2,0.0,0.0,15.37,4.0,50,10,13,21,0,11,0,20,3,1433808000
160,34,25,9,9,4,5,1,4,-3,8,11,-3,5,0,5,17,20,-3,Wednesday,28.1,13.2,88,72.0,100.49,41,12.8,12.8,0.0,0.0,15.37,4.0,51,9,7,17,0,8,0,20,5,1433894400
161,43,36,7,11,10,1,17,8,9,12,18,-6,6,0,6,27,23,4,Thursday,25.0,12.5,85,64.0,101.17,20,0.0,0.0,0.0,0.0,15.4,5.0,46,11,11,23,0,4,0,16,1,1433980800
162,53,46,7,7,11,-4,14,8,6,21,21,0,8,0,8,22,25,-3,Friday,18.4,14.4,95,83.5,101.2,19,10.6,10.6,0.0,0.0,15.4,4.5,46,10,7,30,1,9,0,23,0,1434067200
163,56,51,5,18,9,9,7,3,4,20,14,6,7,0,7,31,20,11,Saturday,22.6,15.2,92,70.5,101.74,16,0.0,0.0,0.0,0.0,15.42,5.0,44,9,18,16,0,5,0,28,0,1434153600
164,41,45,-4,14,10,4,14,13,1,21,22,-1,7,0,7,19,23,-4,Sunday,18.8,16.5,96,82.0,101.53,12,4.0,4.0,0.0,0.0,15.42,7.0,50,9,11,13,0,9,0,25,3,1434240000
165,51,54,-3,7,9,-2,12,9,3,21,12,9,8,0,8,22,21,1,Monday,24.6,16.8,97,86.0,101.27,16,0.0,0.0,0.0,0.0,15.43,6.5,35,13,9,26,0,3,0,27,5,1434326400
166,46,48,-2,13,6,7,7,5,2,14,14,0,5,0,5,26,24,2,Tuesday,26.8,16.0,95,68.0,101.47,32,24.4,24.4,0.0,0.0,15.43,4.5,29,8,10,18,0,6,0,13,0,1434412800
167,48,44,4,8,8,0,12,6,6,16,15,1,14,0,14,30,23,7,Wednesday,22.1,13.6,81,60.0,101.97,23,0.0,0.0,0.0,0.0,15.45,4.0,34,9,16,19,0,4,0,25,0,1434499200
168,66,42,24,7,8,-1,10,5,5,19,17,2,6,0,6,26,24,2,Thursday,27.3,14.6,84,69.0,101.33,31,0.0,0.0,0.0,0.0,15.45,5.0,51,10,15,15,0,6,0,20,0,1434585600
169,41,51,-10,9,10,-1,18,16,2,23,19,4,6,0,6,28,25,3,Friday,19.9,14.5,87,69.5,101.61,26,0.0,0.0,0.0,0.0,15.45,5.0,35,8,17,27,0,10,1,29,1,1434672000
170,48,41,7,10,9,1,11,7,4,17,26,-9,14,0,14,26,24,2,Saturday,22.9,11.6,73,58.0,101.36,19,0.0,0.0,0.0,0.0,15.47,4.5,50,12,10,16,0,9,1,21,4,1434758400
171,44,55,-11,9,9,0,18,13,5,16,18,-2,5,0,5,28,21,7,Sunday,27.4,17.2,84,67.0,100.97,35,0.0,0.0,0.0,0.0,15.45,4.0,49,6,13,16,0,8,0,25,0,1434844800
172,35,49,-14,8,11,-3,18,12,6,21,24,-3,12,0,12,35,28,7,Monday,25.9,16.9,87,69.5,101.17,21,22.0,22.0,0.0,0.0,15.45,4.5,38,8,10,19,0,4,0,31,1,1434931200
173,34,40,-6,2,7,-5,20,13,7,16,16,0,8,0,8,22,22,0,Tuesday,25.8,15.1,93,73.5,100.98,48,1.6,1.6,0.0,0.0,15.45,4.0,49,7,13,16,0,5,0,16,2,1435017600
174,46,50,-4,12,12,0,5,8,-3,16,17,-1,6,0,6,24,24,0,Wednesday,26.1,13.5,80,59.5,101.81,31,0.0,0.0,0.0,0.0,15.45,3.0,42,7,15,28,0,1,0,26,0,1435104000
175,42,38,4,5,9,-4,2,4,-2,11,19,-8,1,0,1,30,23,7,Thursday,22.6,15.6,80,66.0,101.7,23,0.0,0.0,0.0,0.0,15.45,6.0,42,8,10,14,0,6,0,19,3,1435190400
176,37,44,-7,16,9,7,17,14,3,30,22,8,5,0,5,21,25,-4,Friday,23.0,14.4,93,65.5,101.78,21,0.0,0.0,0.0,0.0,15.45,4.5,46,14,15,24,0,9,0,22,4,1435276800
177,40,51,-11,13,10,3,6,15,-9,15,17,-2,7,0,7,21,24,-3,Saturday,18.5,12.7,94,73.0,101.4,37,34.2,34.2,0.0,0.0,15.45,7.5,61,9,6,22,0,6,2,24,4,1435363200
178,55,55,0,14,12,2,9,13,-4,9,18,-9,3,0,3,34,28,6,Sunday,16.1,12.2,95,90.5,100.8,30,14.2,14.2,0.0,0.0,15.43,7.0,47,2,6,21,0,5,1,19,1,1435449600
179,51,43,8,4,10,-6,16,13,3,27,21,6,2,0,2,31,27,4,Monday,23.7,13.5,90,70.5,101.1,21,0.0,0.0,0.0,0.0,15.43,4.5,45,7,10,22,0,5,0,36,4,1435536000
180,46,44,2,5,10,-5,3,4,-1,21,23,-2,14,0,14,16,22,-6,Tuesday,19.6,15.2,92,80.5,100.97,19,0.2,0.2,0.0,0.0,15.42,4.5,37,6,7,23,0,15,0,29,3,1435622400
181,45,40,5,6,9,-3,2,4,-2,15,18,-3,6,0,6,21,21,0,Wednesday,23.8,15.2,96,74.0,100.97,36,0.0,0.0,0.0,0.0,15.4,4.5,62,11,13,14,0,14,0,25,3,1435708800
182,47,50,-3,9,11,-2,13,17,-4,27,22,5,6,0,6,38,32,6,Thursday,21.9,13.1,86,59.0,101.48,22,0.0,0.0,0.0,0.0,15.38,3.0,43,12,10,20,0,9,0,32,2,1435795200
183,52,30,22,8,5,3,3,2,1,21,13,8,4,0,4,16,15,1,Friday,22.4,11.0,67,48.5,101.51,17,0.0,0.0,0.0,0.0,15.38,4.0,41,4,17,15,0,6,0,28,1,1435881600
184,38,40,-2,15,9,6,13,6,7,24,20,4,5,0,5,10,21,-11,Saturday,24.8,12.0,71,56.0,101.49,19,0.0,0.0,0.0,0.0,15.37,3.5,40,8,13,14,0,7,0,21,0,1435968000
185,31,31,0,8,7,1,4,0,4,12,15,-3,8,0,8,26,22,4,Sunday,26.2,15.4,80,67.0,101.87,18,0.0,0.0,0.0,0.0,15.35,4.0,48,4,16,13,0,2,0,30,0,1436054400
186,45,37,8,7,9,-2,6,7,-1,20,19,1,9,0,9,17,20,-3,Monday,26.8,17.1,87,71.0,101.62,19,0.0,0.0,0.0,0.0,15.33,5.0,50,12,20,17,0,5,1,30,2,1436140800
187,54,48,6,20,13,7,13,8,5,23,27,-4,12,0,12,29,26,3,Tuesday,29.1,15.8,93,79.5,101.17,31,16.2,16.2,0.0,0.0,15.32,5.0,43,8,12,13,0,7,0,32,2,1436227200
188,40,47,-7,13,10,3,18,16,2,16,19,-3,7,0,7,27,28,-1,Wednesday,21.0,13.2,86,68.0,101.73,32,0.0,0.0,0.0,0.0,15.3,5.0,42,7,13,14,0,6,0,18,2,1436313600
189,37,42,-5,8,10,-2,13,20,-7,12,15,-3,10,0,10,23,21,2,Thursday,23.9,15.2,81,66.0,101.45,18,0.0,0.0,0.0,0.0,15.28,4.0,37,6,14,21,0,7,1,23,3,1436400000
190,36,34,2,11,7,4,7,8,-1,14,19,-5,4,0,4,19,21,-2,Friday,26.8,13.0,81,60.5,101.72,19,0.0,0.0,0.0,0.0,15.27,3.0,42,13,15,19,1,7,0,18,2,1436486400
191,45,36,9,6,10,-4,6,3,3,16,20,-4,7,0,7,25,24,1,Saturday,29.0,15.5,77,59.5,101.94,19,0.0,0.0,0.0,0.0,15.23,2.5,50,7,15,13,0,4,0,21,3,1436572800
192,43,40,3,11,9,2,11,13,-2,28,18,10,10,0,10,27,22,5,Sunday,28.0,18.4,79,61.5,101.63,21,0.0,0.0,0.0,0.0,15.22,4.0,49,9,8,10,1,6,0,23,1,1436659200
193,44,49,-5,9,12,-3,3,4,-1,19,23,-4,16,0,16,25,22,3,Monday,28.3,17.8,81,65.0,100.85,20,0.0,0.0,0.0,0.0,15.2,4.0,38,5,12,15,0,7,0,23,2,1436745600
194,41,39,2,7,11,-4,7,8,-1,18,20,-2,8,0,8,21,24,-3,Tuesday,25.4,16.2,88,80.0,100.21,37,2.4,2.4,0.0,0.0,15.17,4.5,46,11,15,22,0,6,0,19,4,1436832000
195,30,41,-11,8,9,-1,8,16,-8,12,19,-7,12,0,12,19,22,-3,Wednesday,22.0,12.1,75,57.0,101.19,34,0.0,0.0,0.0,0.0,15.15,4.0,36,7,19,25,0,11,0,25,5,1436918400
196,30,56,-26,3,7,-4,1,1,0,19,21,-2,0,0,0,17,20,-3,Thursday,22.7,12.4,83,62.0,101.87,17,0.0,0.0,0.0,0.0,15.12,3.0,33,5,20,23,0,12,0,28,1,1437004800
197,46,38,8,5,6,-1,3,1,2,20,13,7,7,0,7,13,22,-9,Friday,21.1,16.4,92,81.5,101.3,17,5.4,5.4,0.0,0.0,15.08,5.5,47,10,10,26,0,7,0,24,3,1437091200
198,34,30,4,9,7,2,1,0,1,9,15,-6,5,0,5,15,21,-6,Saturday,31.6,19.0,97,73.5,101.02,27,0.0,0.0,0.0,0.0,15.07,5.0,59,5,12,18,0,7,0,28,2,1437177600
199,32,47,-15,7,14,-7,6,5,1,14,20,-6,8,0,8,19,20,-1,Sunday,31.9,18.7,84,71.0,100.73,29,0.0,0.0,0.0,0.0,15.03,3.5,61,5,18,18,0,6,0,21,1,1437264000
200,49,44,5,5,7,-2,7,6,1,20,13,7,5,0,5,13,22,-9,Monday,29.1,16.1,79,62.5,100.64,27,0.0,0.0,0.0,0.0,15.0,4.0,44,10,19,16,0,7,1,27,4,1437350400
201,41,42,-1,9,10,-1,19,18,1,14,19,-5,9,0,9,17,21,-4,Tuesday,26.2,17.4,77,56.5,100.58,39,0.0,0.0,0.0,0.0,14.97,4.5,44,4,15,39,0,12,0,21,1,1437436800
202,133,38,95,6,8,-2,3,3,0,13,22,-9,8,0,8,20,21,-1,Wednesday,25.5,14.7,70,52.0,101.12,32,0.0,0.0,0.0,0.0,14.93,3.5,26,8,14,32,0,9,1,16,0,1437523200
203,47,54,-7,5,5,0,4,6,-2,5,14,-9,5,0,5,22,25,-3,Thursday,26.7,13.7,68,51.0,101.39,26,0.0,0.0,0.0,0.0,14.9,2.0,28,5,19,19,0,5,0,20,3,1437609600
204,44,47,-3,10,11,-1,18,16,2,17,18,-1,12,0,12,14,25,-11,Friday,29.5,13.0,68,49.0,101.47,24,0.0,0.0,0.0,0.0,14.88,3.5,63,10,13,16,0,6,0,32,1,1437696000
205,46,40,6,6,9,-3,6,5,1,31,21,10,2,0,2,23,22,1,Saturday,31.1,20.3,75,59.0,101.15,36,0.0,0.0,0.0,0.0,14.85,4.0,48,14,9,19,0,9,0,14,2,1437782400
206,28,41,-13,18,8,10,4,1,3,14,15,-1,9,0,9,21,24,-3,Sunday,29.7,17.5,80,61.5,101.33,18,0.0,0.0,0.0,0.0,14.82,4.0,48,5,15,18,0,6,0,28,0,1437868800
207,37,49,-12,6,10,-4,8,13,-5,13,18,-5,9,0,9,25,24,1,Monday,31.7,18.9,75,54.5,101.54,23,0.0,0.0,0.0,0.0,14.78,3.0,43,11,18,29,0,5,0,22,2,1437955200
208,26,39,-13,6,8,-2,6,3,3,24,19,5,5,0,5,17,23,-6,Tuesday,32.6,18.3,76,54.0,101.57,18,0.0,0.0,0.0,0.0,14.73,3.5,31,8,11,21,0,7,0,20,0,1438041600
209,43,48,-5,17,13,4,16,16,0,26,20,6,9,0,9,31,29,2,Wednesday,32.3,20.3,78,58.5,101.24,23,0.0,0.0,0.0,0.0,14.7,4.0,42,12,13,16,0,7,0,24,1,1438128000
210,32,41,-9,8,7,1,8,11,-3,17,19,-2,4,0,4,13,23,-10,Thursday,30.4,19.6,75,54.0,100.99,36,0.0,0.0,0.0,0.0,14.67,4.0,31,6,12,27,0,4,0,20,0,1438214400
211,32,41,-9,6,9,-3,1,7,-6,11,22,-11,6,0,6,24,23,1,Friday,30.8,15.9,81,57.0,100.96,36,0.4,0.4,0.0,0.0,14.63,4.0,51,17,11,22,0,9,0,13,1,1438300800
212,37,44,-7,11,7,4,9,8,1,25,24,1,4,0,4,28,26,2,Saturday,27.8,16.0,82,58.5,100.98,36,0.0,0.0,0.0,0.0,14.6,3.0,69,7,12,17,0,7,0,27,7,1438387200
213,38,45,-7,7,11,-4,2,3,-1,16,22,-6,13,0,13,18,27,-9,Sunday,30.1,15.8,87,60.0,100.69,30,14.0,14.0,0.0,0.0,14.57,4.5,48,9,9,12,0,9,0,16,2,1438473600
214,37,36,1,10,7,3,4,7,-3,13,19,-6,4,0,4,23,22,1,Monday,27.0,17.4,89,62.5,100.54,35,1.2,1.2,0.0,0.0,14.52,5.0,37,5,15,24,1,11,0,21,3,1438560000
215,45,51,-6,7,8,-1,7,12,-5,11,18,-7,6,0,6,6,21,-15,Tuesday,26.5,17.1,77,59.0,101.12,32,1.4,1.4,0.0,0.0,14.48,5.0,34,7,9,20,0,13,1,22,3,1438646400
216,46,59,-13,8,9,-1,17,15,2,13,18,-5,9,0,9,22,27,-5,Wednesday,24.6,13.9,79,60.0,101.54,30,0.0,0.0,0.0,0.0,14.45,3.5,34,7,13,18,0,6,0,17,1,1438732800
217,51,43,8,7,9,-2,10,9,1,20,18,2,6,0,6,20,26,-6,Thursday,23.7,13.4,78,61.5,101.58,16,0.0,0.0,0.0,0.0,14.42,4.0,42,5,16,23,0,9,0,15,3,1438819200
218,37,41,-4,3,9,-6,3,7,-4,18,24,-6,2,0,2,14,26,-12,Friday,24.9,14.1,80,61.0,101.53,17,0.0,0.0,0.0,0.0,14.37,2.5,38,11,10,25,1,13,0,22,1,1438905600
219,38,43,-5,6,10,-4,11,13,-2,13,19,-6,5,0,5,18,24,-6,Saturday,23.6,15.7,80,65.5,101.68,22,0.0,0.0,0.0,0.0,14.33,4.0,54,11,14,20,0,5,0,25,3,1438992000
220,34,41,-7,12,7,5,5,0,5,15,19,-4,7,0,7,19,18,1,Sunday,24.5,13.4,85,64.5,101.73,20,0.0,0.0,0.0,0.0,14.28,2.0,45,14,11,17,0,5,1,16,4,1439078400
221,35,39,-4,10,8,2,4,1,3,29,17,12,10,0,10,20,17,3,Monday,23.3,14.7,96,76.0,101.19,22,35.8,35.8,0.0,0.0,14.23,4.0,34,5,13,35,0,4,0,28,2,1439164800
222,42,53,-11,7,7,0,17,10,7,8,15,-7,8,0,8,18,23,-5,Tuesday,26.1,17.6,92,73.0,101.0,32,0.0,0.0,0.0,0.0,14.2,5.0,35,11,17,22,0,6,0,22,2,1439251200
223,48,54,-6,7,10,-3,11,14,-3,15,18,-3,12,0,12,17,23,-6,Wednesday,23.5,14.6,84,60.0,101.48,32,0.0,0.0,0.0,0.0,14.15,3.5,36,8,12,29,0,8,0,22,5,1439337600
224,37,49,-12,7,11,-4,15,17,-2,21,17,4,4,0,4,23,25,-2,Thursday,27.1,12.0,76,60.0,101.63,24,0.0,0.0,0.0,0.0,14.12,3.5,34,13,13,19,0,4,0,28,0,1439424000
225,60,42,18,11,8,3,2,4,-2,12,17,-5,8,0,8,37,27,10,Friday,27.1,20.3,91,80.5,101.64,28,2.8,2.8,0.0,0.0,14.07,5.5,43,12,12,33,0,11,0,20,6,1439510400
226,50,46,4,16,13,3,7,23,-16,12,16,-4,11,0,11,21,27,-6,Saturday,29.3,19.2,92,74.5,101.86,15,0.0,0.0,0.0,0.0,14.03,3.5,58,9,21,21,0,9,0,26,1,1439596800
227,52,46,6,12,12,0,2,4,-2,28,22,6,7,0,7,11,25,-14,Sunday,31.2,18.7,84,66.5,101.88,21,0.0,0.0,0.0,0.0,13.98,3.0,61,11,22,25,0,6,0,20,2,1439683200
228,34,36,-2,11,9,2,8,7,1,25,20,5,10,0,10,18,20,-2,Monday,32.6,20.7,88,65.5,101.62,24,0.0,0.0,0.0,0.0,13.95,3.5,41,10,14,19,0,10,0,22,6,1439769600
229,34,38,-4,8,6,2,1,1,0,18,18,0,14,0,14,15,17,-2,Tuesday,26.5,20.6,92,81.5,101.35,17,0.0,0.0,0.0,0.0,13.88,4.5,30,8,10,13,0,7,0,13,2,1439856000
230,52,46,6,8,11,-3,10,5,5,21,22,-1,7,0,7,29,25,4,Wednesday,28.7,20.4,97,78.0,101.03,21,6.4,6.4,0.0,0.0,13.83,4.0,41,15,10,27,0,9,2,20,1,1439942400
231,52,45,7,11,7,4,4,5,-1,16,17,-1,7,0,7,27,23,4,Thursday,26.0,16.5,91,70.5,100.97,32,0.0,0.0,0.0,0.0,13.8,4.5,36,8,6,18,0,6,1,19,2,1440028800
232,41,36,5,8,9,-1,13,14,-1,16,16,0,6,0,6,21,22,-1,Friday,22.6,14.9,81,66.0,101.73,23,0.0,0.0,0.0,0.0,13.75,4.0,38,13,23,23,0,9,0,22,0,1440115200
233,42,45,-3,13,10,3,15,19,-4,13,18,-5,5,0,5,18,22,-4,Saturday,23.5,12.4,82,67.0,102.13,16,0.0,0.0,0.0,0.0,13.72,2.5,50,14,7,14,0,12,0,19,2,1440201600
234,50,41,9,7,11,-4,14,10,4,16,13,3,9,0,9,15,21,-6,Sunday,24.3,13.1,87,68.0,101.42,19,0.0,0.0,0.0,0.0,13.67,4.0,44,7,11,12,0,9,0,31,0,1440288000
235,47,43,4,8,7,1,5,4,1,15,16,-1,4,0,4,37,21,16,Monday,24.2,15.7,88,66.0,100.9,32,0.0,0.0,0.0,0.0,13.62,5.0,39,6,11,15,0,5,0,30,1,1440374400
236,38,38,0,11,6,5,1,3,-2,13,19,-6,8,0,8,25,20,5,Tuesday,20.9,14.2,78,64.5,101.24,25,0.0,0.0,0.0,0.0,13.58,7.0,33,11,10,26,0,5,0,26,4,1440460800
237,36,40,-4,13,10,3,3,1,2,21,17,4,4,0,4,16,19,-3,Wednesday,20.1,14.1,82,71.5,101.62,25,0.0,0.0,0.0,0.0,13.52,7.5,31,7,9,18,0,7,0,14,3,1440547200
238,31,45,-14,8,8,0,11,19,-8,21,20,1,7,0,7,20,23,-3,Thursday,19.3,12.7,88,74.0,102.01,20,0.0,0.0,0.0,0.0,13.47,4.5,35,8,11,22,0,13,0,9,4,1440633600
239,45,43,2,3,10,-7,8,7,1,25,25,0,8,0,8,24,24,0,Friday,22.9,10.9,87,69.5,102.21,17,0.0,0.0,0.0,0.0,13.43,4.0,37,16,17,30,0,5,0,21,3,1440720000
240,35,43,-8,5,6,-1,2,4,-2,12,12,0,8,0,8,16,23,-7,Saturday,24.2,14.9,87,74.5,101.99,12,0.0,0.0,0.0,0.0,13.38,7.5,45,7,7,11,0,6,0,6,1,1440806400
241,49,44,5,5,7,-2,6,2,4,21,18,3,6,0,6,37,19,18,Sunday,26.2,18.4,84,71.0,101.75,16,0.0,0.0,0.0,0.0,13.33,4.0,49,8,11,15,0,11,0,17,0,1440892800
242,31,46,-15,7,8,-1,9,12,-3,18,21,-3,7,0,7,14,20,-6,Monday,29.2,17.5,92,71.0,101.64,20,0.0,0.0,0.0,0.0,13.28,1.5,61,8,11,15,0,4,0,15,4,1440979200
243,40,32,8,12,7,5,1,0,1,10,9,1,12,0,12,22,22,0,Tuesday,29.0,17.7,97,77.5,101.73,16,0.0,0.0,0.0,0.0,13.25,4.0,77,7,15,17,0,9,0,31,7,1441065600
244,41,41,0,6,9,-3,3,5,-2,30,18,12,9,0,9,17,21,-4,Wednesday,33.3,20.2,84,64.0,101.49,19,0.0,0.0,0.0,0.0,13.2,4.0,40,8,9,20,0,4,0,15,6,1441152000
245,59,53,6,8,7,1,16,16,0,16,15,1,4,0,4,26,25,1,Thursday,29.8,21.3,95,77.5,101.38,25,0.0,0.0,0.0,0.0,13.13,5.5,35,8,15,14,0,10,0,21,4,1441238400
246,35,49,-14,10,6,4,1,2,-1,9,11,-2,11,0,11,27,23,4,Friday,27.9,21.3,88,61.5,101.83,27,0.0,0.0,0.0,0.0,13.08,4.0,53,9,14,23,0,6,0,18,3,1441324800
247,42,46,-4,6,8,-2,2,4,-2,34,19,15,10,0,10,17,20,-3,Saturday,29.7,18.8,87,72.0,102.06,17,0.0,0.0,0.0,0.0,13.05,2.5,51,8,7,16,0,5,0,20,1,1441411200
248,49,45,4,8,6,2,3,3,0,20,17,3,5,0,5,26,24,2,Sunday,31.7,19.4,90,68.0,101.84,21,0.0,0.0,0.0,0.0,13.0,4.0,49,5,8,13,1,7,0,15,2,1441497600
249,50,50,0,9,8,1,13,9,4,16,15,1,7,0,7,36,23,13,Monday,34.0,21.0,84,63.5,101.47,32,0.4,0.4,0.0,0.0,12.95,3.5,36,6,12,19,0,8,0,16,4,1441584000
250,95,48,47,14,12,2,10,3,7,24,21,3,8,0,8,23,24,-1,Tuesday,29.4,21.9,95,76.5,101.22,17,8.8,8.8,0.0,0.0,12.9,7.0,48,6,8,23,0,8,0,10,2,1441670400
251,43,51,-8,5,8,-3,5,7,-2,15,16,-1,6,0,6,29,23,6,Wednesday,25.5,15.4,89,69.0,101.12,22,3.2,3.2,0.0,0.0,12.85,6.0,37,5,13,25,0,6,0,20,1,1441756800
252,46,26,20,9,7,2,0,2,-2,16,15,1,6,0,6,23,16,7,Thursday,23.7,13.0,70,52.5,101.36,19,0.0,0.0,0.0,0.0,12.82,5.0,40,11,20,27,0,10,0,25,2,1441843200
253,45,41,4,7,9,-2,15,13,2,13,21,-8,8,0,8,26,22,4,Friday,23.0,13.0,83,67.0,101.18,25,6.8,6.8,0.0,0.0,12.75,4.0,49,10,17,28,0,7,0,25,1,1441929600
254,43,48,-5,11,8,3,17,14,3,10,18,-8,8,0,8,23,24,-1,Saturday,16.1,12.0,92,78.5,101.12,32,15.2,15.2,0.0,0.0,12.7,7.5,34,10,5,22,1,9,0,18,3,1442016000
255,50,42,8,12,13,-1,2,5,-3,26,24,2,4,0,4,14,23,-9,Sunday,14.6,10.0,84,75.0,101.06,33,2.8,2.8,0.0,0.0,12.65,4.0,58,3,5,14,0,4,0,30,2,1442102400
256,34,42,-8,9,12,-3,3,4,-1,17,24,-7,13,0,13,31,23,8,Monday,23.9,9.2,84,62.0,101.78,30,0.0,0.0,0.0,0.0,12.6,1.0,31,6,16,21,0,6,0,23,3,1442188800
257,53,57,-4,7,12,-5,15,16,-1,25,19,6,8,0,8,26,26,0,Tuesday,28.4,13.2,86,64.5,102.42,19,0.0,0.0,0.0,0.0,12.55,3.5,43,8,16,26,0,10,0,25,1,1442275200
258,40,39,1,5,8,-3,2,7,-5,13,17,-4,8,0,8,18,19,-1,Wednesday,28.3,16.2,69,57.5,102.47,18,0.0,0.0,0.0,0.0,12.52,1.0,43,9,15,28,0,8,0,22,3,1442361600
259,45,41,4,10,13,-3,6,6,0,27,25,2,7,0,7,17,22,-5,Thursday,27.7,15.7,77,63.0,101.88,20,0.0,0.0,0.0,0.0,12.47,1.5,35,11,14,22,0,10,0,16,1,1442448000
260,30,46,-16,7,6,1,1,1,0,13,17,-4,12,0,12,11,21,-10,Friday,27.4,16.2,76,61.0,101.33,25,0.0,0.0,0.0,0.0,12.42,4.0,40,10,11,32,0,17,0,27,1,1442534400
261,47,40,7,5,13,-8,7,4,3,12,17,-5,5,0,5,29,21,8,Saturday,25.2,12.2,88,75.5,100.97,42,11.4,11.4,0.0,0.0,12.35,5.0,48,8,12,16,0,14,0,30,4,1442620800
262,50,52,-2,14,9,5,7,12,-5,14,17,-3,12,0,12,19,22,-3,Sunday,18.5,9.7,83,66.0,102.01,19,0.0,0.0,0.0,0.0,12.3,4.0,65,7,13,17,0,10,1,20,1,1442707200
263,38,35,3,8,5,3,1,1,0,10,12,-2,4,0,4,12,19,-7,Monday,19.8,10.6,83,68.5,102.36,20,0.0,0.0,0.0,0.0,12.25,3.5,28,7,11,20,0,3,0,23,2,1442793600
264,33,40,-7,5,9,-4,20,14,6,23,18,5,12,0,12,28,22,6,Tuesday,22.1,9.7,90,72.0,102.35,16,0.0,0.0,0.0,0.0,12.2,3.5,39,11,7,17,1,9,0,21,4,1442880000
265,51,47,4,12,13,-1,11,12,-1,27,22,5,5,0,5,27,24,3,Wednesday,24.4,12.9,97,67.0,102.6,14,0.0,0.0,0.0,0.0,12.17,1.5,50,11,10,25,0,5,0,34,2,1442966400
266,41,35,6,11,7,4,5,3,2,17,18,-1,5,0,5,28,22,6,Thursday,23.0,14.8,92,78.5,102.74,19,0.0,0.0,0.0,0.0,12.12,4.0,45,11,9,19,0,10,0,25,0,1443052800
267,54,43,11,16,9,7,9,7,2,24,18,6,6,0,6,23,25,-2,Friday,21.5,12.6,76,66.5,102.85,18,0.0,0.0,0.0,0.0,12.07,5.0,37,12,16,17,0,8,0,38,3,1443139200
268,45,38,7,9,9,0,1,2,-1,26,17,9,6,0,6,9,17,-8,Saturday,20.1,10.0,90,73.0,103.0,19,0.0,0.0,0.0,0.0,12.02,3.5,52,12,9,24,0,6,1,25,1,1443225600
269,26,43,-17,9,5,4,7,7,0,22,20,2,5,0,5,19,22,-3,Sunday,21.4,10.8,96,76.0,102.42,18,0.0,0.0,0.0,0.0,11.95,4.0,48,8,7,22,0,9,1,18,0,1443312000
270,49,49,0,14,10,4,6,17,-11,19,19,0,5,0,5,24,29,-5,Monday,22.3,18.3,93,84.0,101.78,19,0.2,0.2,0.0,0.0,11.9,5.5,40,9,9,23,0,6,0,15,4,1443398400
271,38,42,-4,9,10,-1,1,4,-3,15,17,-2,5,0,5,17,22,-5,Tuesday,22.5,14.0,92,82.0,101.49,38,13.2,13.2,0.0,0.0,11.87,7.5,37,10,4,13,0,4,0,23,3,1443484800
272,56,48,8,9,11,-2,19,15,4,26,21,5,9,0,9,19,26,-7,Wednesday,17.4,7.3,79,60.0,102.06,32,0.0,0.0,0.0,0.0,11.82,5.0,38,6,8,13,0,3,0,9,3,1443571200
273,41,44,-3,8,8,0,4,8,-4,29,25,4,8,0,8,29,27,2,Thursday,15.1,4.2,72,53.0,102.76,28,0.0,0.0,0.0,0.0,11.77,2.5,52,12,6,20,0,13,1,26,7,1443657600
274,52,46,6,11,12,-1,15,17,-2,22,20,2,10,0,10,25,26,-1,Friday,12.2,5.1,68,53.0,103.1,28,0.0,0.0,0.0,0.0,11.72,4.0,35,15,6,15,0,9,0,34,3,1443744000
275,43,41,2,9,8,1,13,13,0,11,17,-6,7,0,7,29,21,8,Saturday,11.6,6.3,71,58.5,102.95,37,1.6,1.6,0.0,0.0,11.65,7.0,43,12,7,19,0,3,0,24,2,1443830400
276,44,31,13,9,8,1,2,1,1,21,14,7,2,0,2,16,14,2,Sunday,14.5,9.1,84,74.0,102.58,35,0.2,0.2,0.0,0.0,11.62,5.5,55,7,5,9,0,7,1,31,2,1443916800
277,45,40,5,15,7,8,3,3,0,28,19,9,6,0,6,17,21,-4,Monday,14.4,10.3,92,82.5,102.26,13,0.6,0.6,0.0,0.0,11.57,6.0,42,14,11,27,0,6,0,29,2,1444003200
278,39,44,-5,18,8,10,15,18,-3,23,17,6,9,0,9,21,21,0,Tuesday,16.6,10.2,93,80.0,101.89,18,0.0,0.0,0.0,0.0,11.52,4.5,43,6,17,20,0,11,0,31,2,1444089600
279,38,49,-11,25,14,11,3,5,-2,27,24,3,7,0,7,24,26,-2,Wednesday,21.5,9.1,89,69.0,101.86,29,0.0,0.0,0.0,0.0,11.47,3.5,40,12,8,17,0,5,0,21,1,1444176000
280,41,53,-12,7,9,-2,11,12,-1,13,15,-2,11,0,11,35,24,11,Thursday,15.2,7.3,93,75.5,101.74,18,13.4,13.4,0.0,0.0,11.42,4.0,37,9,7,14,0,6,0,30,1,1444262400
281,42,39,3,18,10,8,7,3,4,24,23,1,7,0,7,22,23,-1,Friday,16.7,5.9,95,80.5,101.44,42,0.6,0.6,0.0,0.0,11.37,4.0,46,13,13,26,0,5,0,31,1,1444348800
282,59,55,4,6,11,-5,18,16,2,21,19,2,12,0,12,38,30,8,Saturday,15.6,4.2,88,68.5,101.87,18,0.0,0.0,0.0,0.0,11.32,4.0,60,12,7,20,0,9,0,25,4,1444435200
283,34,39,-5,6,9,-3,6,7,-1,18,20,-2,7,0,7,35,24,11,Sunday,23.1,10.7,77,55.5,100.94,36,0.0,0.0,0.0,0.0,11.27,3.0,52,4,12,18,0,3,0,21,1,1444521600
284,43,44,-1,8,9,-1,9,8,1,14,15,-1,10,0,10,19,20,-1,Monday,22.6,13.2,82,60.0,100.1,36,0.0,0.0,0.0,0.0,11.23,4.0,39,11,5,11,0,0,0,30,1,1444608000
285,44,47,-3,10,10,0,18,16,2,16,18,-2,5,0,5,20,27,-7,Tuesday,18.6,10.5,87,73.0,99.81,36,0.4,0.4,0.0,0.0,11.17,6.0,29,8,1,13,0,13,0,33,1,1444694400
286,45,46,-1,14,10,4,5,4,1,18,19,-1,12,0,12,21,24,-3,Wednesday,12.5,5.6,78,63.0,100.86,30,0.0,0.0,0.0,0.0,11.12,3.5,40,14,11,24,0,12,0,24,0,1444780800
287,39,43,-4,9,7,2,10,8,2,23,13,10,6,0,6,14,23,-9,Thursday,18.6,4.3,85,61.5,101.04,35,4.4,4.4,0.0,0.0,11.08,4.0,31,11,12,29,1,6,0,25,3,1444867200
288,49,51,-2,11,13,-2,11,12,-1,21,15,6,5,0,5,25,24,1,Friday,13.1,1.7,87,68.5,101.52,44,1.0,1.0,0.0,0.0,11.03,4.5,45,8,10,30,0,5,0,36,3,1444953600
289,34,33,1,17,6,11,1,1,0,13,14,-1,9,0,9,22,15,7,Saturday,5.9,-2.0,84,70.5,102.33,23,0.0,0.0,0.0,0.0,10.97,4.0,47,8,5,15,0,4,1,37,2,1445040000
290,47,39,8,10,8,2,15,9,6,23,17,6,3,0,3,20,21,-1,Sunday,6.4,-2.9,78,61.0,102.82,22,0.0,0.0,0.0,0.0,10.93,4.0,31,8,8,8,0,12,0,20,0,1445126400
291,51,41,10,4,5,-1,1,1,0,25,22,3,8,0,8,23,24,-1,Monday,15.9,-1.9,78,58.0,102.21,39,0.8,0.8,0.0,0.0,10.88,4.0,39,9,7,34,0,8,0,35,2,1445212800
292,34,47,-13,10,7,3,5,4,1,22,16,6,9,0,9,18,22,-4,Tuesday,18.0,11.5,77,59.5,101.89,29,0.4,0.4,0.0,0.0,10.83,7.5,36,7,6,21,0,10,0,33,3,1445299200
293,47,49,-2,8,10,-2,4,5,-1,20,19,1,8,0,8,15,26,-11,Wednesday,12.8,9.3,93,81.0,102.15,17,0.6,0.6,0.0,0.0,10.78,7.0,40,10,13,23,0,9,0,19,0,1445385600
294,45,44,1,8,9,-1,12,9,3,19,24,-5,9,0,9,24,24,0,Thursday,16.3,4.8,93,68.0,102.03,36,0.0,0.0,0.0,0.0,10.73,4.5,42,7,7,25,0,7,0,21,4,1445472000
295,31,43,-12,15,11,4,5,4,1,28,23,5,9,0,9,23,23,0,Friday,9.2,0.7,72,58.5,102.77,22,0.0,0.0,0.0,0.0,10.7,3.5,33,15,6,16,0,13,0,24,3,1445558400
296,46,49,-3,6,7,-1,3,2,1,11,17,-6,9,0,9,35,24,11,Saturday,16.0,7.0,94,80.5,101.58,31,3.6,3.6,0.0,0.0,10.65,7.0,37,14,4,27,0,2,0,25,5,1445644800
297,60,46,14,10,7,3,3,4,-1,17,15,2,23,0,23,16,22,-6,Sunday,13.6,3.0,83,65.0,101.87,34,0.0,0.0,0.0,0.0,10.58,4.0,46,13,7,14,0,5,1,26,4,1445731200
298,29,45,-16,18,8,10,1,4,-3,6,12,-6,4,0,4,16,23,-7,Monday,10.2,1.9,88,71.5,103.15,17,0.0,0.0,0.0,0.0,10.55,4.0,38,8,6,20,0,4,0,24,2,1445817600
299,43,47,-4,17,13,4,13,8,5,28,20,8,9,0,9,47,27,20,Tuesday,11.2,2.1,85,67.5,102.97,23,0.0,0.0,0.0,0.0,10.52,5.5,45,12,5,25,0,4,1,18,1,1445904000
300,50,41,9,11,11,0,10,16,-6,25,24,1,5,0,5,34,28,6,Wednesday,14.8,8.8,96,82.5,100.97,34,37.4,37.4,0.0,0.0,10.45,7.0,33,10,5,24,0,3,0,21,2,1445990400
301,36,41,-5,9,11,-2,1,5,-4,15,16,-1,8,0,8,17,20,-3,Thursday,14.0,6.3,92,68.0,100.04,53,0.2,0.2,0.0,0.0,10.42,5.0,46,8,6,16,0,5,0,21,2,1446076800
302,43,47,-4,16,11,5,1,4,-3,24,20,4,9,0,9,22,25,-3,Friday,9.9,0.9,82,64.0,101.38,39,0.0,0.0,0.0,0.0,10.37,3.5,52,9,13,17,0,12,0,21,2,1446163200
303,37,44,-7,7,8,-1,2,5,-3,21,15,6,8,0,8,23,23,0,Saturday,10.4,0.9,84,73.0,101.53,15,2.4,2.4,0.0,0.0,10.33,4.5,60,10,3,17,0,23,1,16,0,1446249600
304,28,55,-27,5,9,-4,3,0,3,17,23,-6,9,0,9,20,19,1,Sunday,15.4,4.7,94,72.0,100.93,56,3.0,3.0,0.0,0.0,10.27,4.0,97,17,7,15,0,11,0,33,6,1446336000
305,48,54,-6,11,7,4,12,13,-1,12,16,-4,5,0,5,15,25,-10,Monday,14.5,3.7,87,70.5,101.76,16,0.0,0.0,0.0,0.0,10.23,3.5,38,9,8,23,0,8,0,30,1,1446422400
306,34,43,-9,10,10,0,4,5,-1,20,25,-5,6,0,6,30,23,7,Tuesday,21.0,8.9,82,64.5,102.08,17,0.0,0.0,0.0,0.0,10.2,3.0,32,8,8,17,0,4,0,13,2,1446508800
307,34,51,-17,5,12,-7,13,9,4,35,22,13,4,0,4,28,32,-4,Wednesday,16.3,7.5,94,80.0,102.3,12,0.0,0.0,0.0,0.0,10.13,1.5,47,12,6,32,0,11,1,17,1,1446595200
308,34,45,-11,10,7,3,9,8,1,19,18,1,11,0,11,40,24,16,Thursday,20.4,10.0,93,79.0,101.7,15,0.2,0.2,0.0,0.0,10.1,6.5,45,13,1,21,0,5,0,25,1,1446681600
309,57,52,5,4,9,-5,13,14,-1,10,16,-6,9,0,9,22,21,1,Friday,18.8,7.5,93,75.5,100.97,57,3.0,3.0,0.0,0.0,10.07,7.0,48,10,11,17,0,14,0,26,4,1446768000
310,40,48,-8,13,10,3,5,3,2,18,20,-2,11,0,11,24,22,2,Saturday,12.5,1.6,91,71.5,102.06,36,0.0,0.0,0.0,0.0,10.02,4.0,52,11,4,16,0,7,0,27,1,1446854400
311,42,43,-1,7,8,-1,15,14,1,28,20,8,1,0,1,26,23,3,Sunday,10.5,0.5,88,68.5,102.76,22,0.0,0.0,0.0,0.0,9.97,1.5,45,5,4,17,0,6,0,23,3,1446940800
312,73,56,17,10,7,3,8,13,-5,7,16,-9,11,0,11,22,24,-2,Monday,11.1,-0.2,85,69.0,102.64,14,0.0,0.0,0.0,0.0,9.93,1.0,55,9,9,24,0,10,0,26,2,1447027200
313,42,49,-7,15,13,2,12,15,-3,24,20,4,7,0,7,29,31,-2,Tuesday,9.5,0.2,96,85.0,101.84,16,15.0,15.0,0.0,0.0,9.88,4.0,39,13,7,16,2,8,0,29,2,1447113600
314,35,43,-8,11,11,0,3,5,-2,14,19,-5,4,0,4,24,25,-1,Wednesday,13.2,6.5,96,78.0,101.35,15,1.4,1.4,0.0,0.0,9.85,4.0,49,9,4,17,0,8,0,23,3,1447200000
315,44,48,-4,8,10,-2,13,15,-2,14,17,-3,9,0,9,32,25,7,Thursday,12.5,6.8,94,79.5,100.11,56,2.2,2.2,0.0,0.0,9.82,5.0,33,7,2,24,0,9,0,20,1,1447286400
316,32,37,-5,15,10,5,18,17,1,25,17,8,16,0,16,19,21,-2,Friday,9.2,1.9,77,66.0,100.49,48,0.0,0.0,0.0,0.0,9.77,5.5,46,11,13,32,2,6,1,24,3,1447372800
317,29,41,-12,8,8,0,1,8,-7,13,22,-9,13,0,13,33,24,9,Saturday,5.8,1.0,74,64.0,101.9,34,0.0,0.0,0.0,0.0,9.73,4.0,48,8,1,17,0,11,0,23,2,1447459200
318,46,50,-4,17,11,6,14,19,-5,18,21,-3,7,0,7,38,33,5,Sunday,15.4,1.4,80,63.5,102.12,25,0.0,0.0,0.0,0.0,9.7,3.0,42,7,6,14,0,7,0,22,1,1447545600
319,41,39,2,9,9,0,4,5,-1,24,23,1,10,0,10,35,23,12,Monday,12.4,1.8,92,76.0,102.58,15,0.0,0.0,0.0,0.0,9.67,3.5,52,6,6,29,0,12,0,19,1,1447632000
320,43,45,-2,9,9,0,0,5,-5,13,15,-2,12,0,12,28,21,7,Tuesday,9.3,1.6,84,77.0,102.68,24,0.0,0.0,0.0,0.0,9.62,4.0,40,7,6,26,0,14,2,20,1,1447718400
321,49,26,23,5,5,0,2,1,1,17,10,7,4,0,4,27,16,11,Wednesday,14.0,8.7,82,70.0,101.68,23,1.0,1.0,0.0,0.0,9.58,7.5,33,8,12,21,0,11,0,26,2,1447804800
322,55,41,14,9,11,-2,12,15,-3,19,17,2,8,0,8,24,24,0,Thursday,16.1,3.5,88,64.0,101.22,39,2.2,2.2,0.0,0.0,9.55,4.0,39,13,7,22,0,8,0,23,1,1447891200
323,31,46,-15,6,9,-3,12,14,-2,27,19,8,4,0,4,20,24,-4,Friday,6.6,1.1,60,49.5,102.04,40,0.0,0.0,0.0,0.0,9.52,3.5,48,10,6,18,0,8,0,26,4,1447977600
324,37,45,-8,9,10,-1,14,13,1,30,17,13,10,0,10,34,22,12,Saturday,6.1,1.0,91,73.5,101.31,28,4.6,4.6,0.0,0.0,9.48,7.5,49,5,6,21,0,6,0,37,3,1448064000
325,28,36,-8,5,7,-2,1,1,0,19,18,1,15,0,15,24,21,3,Sunday,3.7,-5.8,83,71.5,101.09,43,0.0,0.0,0.0,0.0,9.45,4.0,47,11,5,11,0,3,0,33,3,1448150400
326,23,41,-18,6,9,-3,2,1,1,16,19,-3,3,0,3,16,20,-4,Monday,2.3,-6.8,89,67.0,102.05,20,0.4,0.0,0.4,0.0,9.42,4.0,32,7,8,18,0,4,0,21,3,1448236800
327,51,50,1,7,6,1,0,2,-2,13,11,2,10,0,10,23,23,0,Tuesday,6.3,-1.3,89,74.5,102.61,29,0.4,0.0,0.6,1.0,9.38,5.0,44,12,4,18,0,10,0,18,2,1448323200
328,56,43,13,8,10,-2,20,19,1,15,19,-4,8,0,8,30,21,9,Wednesday,7.9,-2.8,92,74.0,103.37,17,0.0,0.0,0.0,0.0,9.35,3.0,32,19,8,16,0,8,0,24,1,1448409600
329,34,43,-9,5,6,-1,2,4,-2,10,14,-4,3,0,3,14,15,-1,Thursday,15.3,4.9,79,64.5,102.89,32,0.0,0.0,0.0,0.0,9.33,5.5,41,12,3,19,0,12,0,15,1,1448496000
330,42,44,-2,7,8,-1,13,14,-1,14,21,-7,6,0,6,18,22,-4,Friday,15.2,0.3,92,71.0,102.43,35,2.0,2.0,0.0,0.0,9.3,7.0,36,7,3,21,0,12,0,15,1,1448582400
331,46,44,2,8,9,-1,18,17,1,16,18,-2,11,0,11,26,23,3,Saturday,1.9,-4.0,83,72.5,102.78,22,0.0,0.0,0.0,0.0,9.27,4.0,36,6,2,12,1,7,0,12,0,1448668800
332,41,46,-5,15,11,4,24,13,11,33,20,13,11,0,11,23,29,-6,Sunday,4.5,-5.9,85,70.0,102.91,16,0.0,0.0,0.0,0.0,9.23,4.0,44,9,5,8,0,5,1,20,1,1448755200
333,39,33,6,8,5,3,4,0,4,15,15,0,7,0,7,17,18,-1,Monday,3.5,-0.8,81,70.5,102.66,19,0.0,0.0,0.0,0.0,9.22,5.0,28,12,4,15,1,8,1,27,3,1448841600
334,69,36,33,7,8,-1,8,14,-6,12,16,-4,7,0,7,25,20,5,Tuesday,8.1,0.8,96,90.0,101.6,23,1.6,1.6,0.0,0.0,9.18,5.5,67,17,1,22,0,5,0,26,4,1448928000
335,22,38,-16,5,8,-3,6,4,2,29,22,7,8,0,8,20,22,-2,Wednesday,6.9,1.2,93,77.5,100.92,28,0.0,0.0,0.0,0.0,9.17,4.5,22,12,4,16,0,6,0,10,2,1449014400
336,53,49,4,16,12,4,12,19,-7,19,20,-1,9,0,9,21,30,-9,Thursday,6.3,1.8,83,71.0,101.72,36,0.0,0.0,0.0,0.0,9.15,5.5,36,4,5,25,0,8,0,10,3,1449100800
337,39,35,4,7,6,1,0,1,-1,18,14,4,7,0,7,32,23,9,Friday,5.5,3.4,75,70.0,103.05,36,0.0,0.0,0.0,0.0,9.12,7.5,41,7,5,23,0,7,0,27,1,1449187200
338,39,40,-1,15,9,6,18,10,8,17,23,-6,6,0,6,23,23,0,Saturday,7.8,-2.2,93,82.0,103.76,18,0.0,0.0,0.0,0.0,9.1,4.0,44,6,2,15,0,8,1,28,2,1449273600
339,35,39,-4,9,10,-1,9,11,-2,24,16,8,10,0,10,21,22,-1,Sunday,4.6,-2.6,95,86.0,102.92,13,0.0,0.0,0.0,0.0,9.08,4.0,60,11,2,12,0,8,0,37,2,1449360000
340,38,42,-4,11,7,4,1,2,-1,18,14,4,11,0,11,25,16,9,Monday,5.6,-1.8,93,83.5,102.26,15,0.0,0.0,0.0,0.0,9.07,6.0,39,10,11,25,0,8,0,20,2,1449446400
341,32,43,-11,7,10,-3,24,17,7,24,18,6,7,0,7,21,25,-4,Tuesday,5.2,3.2,89,79.0,101.77,18,0.0,0.0,0.0,0.0,9.05,7.0,32,10,4,13,0,12,0,21,1,1449532800
342,48,46,2,19,10,9,9,10,-1,31,23,8,11,0,11,19,25,-6,Wednesday,11.1,3.8,94,77.5,101.0,28,0.0,0.0,0.0,0.0,9.03,4.5,41,9,4,24,0,10,0,35,4,1449619200
343,40,46,-6,14,11,3,2,6,-4,26,25,1,10,0,10,20,24,-4,Thursday,12.0,4.1,91,80.0,100.79,25,0.0,0.0,0.0,0.0,9.02,4.5,39,10,6,28,0,7,0,37,2,1449705600
344,60,48,12,9,11,-2,6,7,-1,13,18,-5,6,0,6,20,24,-4,Friday,14.0,3.1,80,63.5,100.96,45,0.0,0.0,0.0,0.0,9.0,4.0,41,8,4,29,1,8,2,29,1,1449792000
345,46,45,1,16,10,6,1,4,-3,10,24,-14,11,0,11,22,24,-2,Saturday,8.6,0.9,88,76.5,101.88,13,0.0,0.0,0.0,0.0,8.98,4.0,54,4,4,16,0,12,1,19,0,1449878400
346,29,33,-4,9,6,3,3,5,-2,13,15,-2,5,0,5,21,22,-1,Sunday,7.9,4.9,95,86.0,101.69,21,0.2,0.2,0.0,0.0,8.97,8.0,38,10,6,11,0,8,0,30,1,1449964800
347,45,41,4,7,8,-1,10,12,-2,22,18,4,5,0,5,36,24,12,Monday,12.7,6.0,95,86.0,100.16,30,5.0,5.0,0.0,0.0,8.97,7.0,31,6,10,19,0,5,0,30,2,1450051200
348,33,35,-2,5,10,-5,13,12,1,15,18,-3,7,0,7,21,20,1,Tuesday,9.4,0.8,87,76.5,100.57,40,0.0,0.0,0.0,0.0,8.95,4.5,39,15,4,24,1,9,1,28,2,1450137600
349,51,52,-1,11,9,2,3,7,-4,10,18,-8,7,0,7,19,21,-2,Wednesday,6.1,0.8,93,87.5,101.3,24,0.4,0.4,0.0,0.0,8.93,6.5,44,10,3,35,0,6,0,31,2,1450224000
350,49,55,-6,12,9,3,19,14,5,19,15,4,4,0,4,23,21,2,Thursday,10.1,1.7,92,74.0,100.76,37,0.0,0.0,0.0,0.0,8.93,4.5,45,15,3,28,0,6,0,17,3,1450310400
351,38,44,-6,12,7,5,16,10,6,23,21,2,8,0,8,23,23,0,Friday,2.7,-3.1,70,59.0,101.02,31,0.0,0.0,0.0,0.0,8.93,5.5,43,6,6,34,0,13,0,21,2,1450396800
352,53,42,11,12,12,0,4,6,-2,21,22,-1,12,0,12,21,25,-4,Saturday,-1.1,-3.7,64,58.0,101.99,40,0.0,0.0,0.0,0.0,8.92,5.0,48,6,3,19,0,3,0,21,1,1450483200
353,31,37,-6,18,10,8,0,5,-5,25,21,4,5,0,5,26,21,5,Sunday,5.6,-4.0,70,58.0,102.46,26,0.0,0.0,0.0,0.0,8.93,6.0,35,5,2,12,1,8,0,16,2,1450569600
354,50,45,5,16,7,9,4,3,1,24,17,7,12,0,12,21,18,3,Monday,8.1,4.7,95,69.0,101.38,25,3.6,3.6,0.0,0.0,8.92,8.0,26,6,6,24,0,5,0,17,1,1450656000
355,38,43,-5,10,8,2,6,4,2,11,15,-4,8,0,8,30,23,7,Tuesday,13.8,4.5,96,84.0,101.2,23,0.6,0.6,0.0,0.0,8.93,4.5,37,4,3,15,0,12,1,15,3,1450742400
356,46,50,-4,7,9,-2,6,7,-1,22,16,6,2,0,2,16,24,-8,Wednesday,13.2,4.5,96,90.0,100.79,19,0.4,0.4,0.0,0.0,8.92,5.0,45,9,5,20,0,10,0,16,1,1450828800
357,35,49,-14,7,9,-2,3,0,3,9,20,-11,10,0,10,27,16,11,Thursday,15.4,5.1,92,62.5,100.82,44,0.0,0.0,0.0,0.0,8.93,4.5,46,6,5,12,0,10,0,20,1,1450915200
358,32,42,-10,10,11,-1,12,13,-1,25,22,3,4,0,4,11,27,-16,Friday,10.2,0.1,79,63.5,102.56,22,0.0,0.0,0.0,0.0,8.92,4.0,37,3,3,18,0,2,0,14,1,1451001600
359,42,47,-5,8,8,0,4,8,-4,13,15,-2,9,0,9,31,25,6,Saturday,4.2,-1.8,94,84.0,102.6,28,1.6,1.6,0.0,0.0,8.93,5.0,33,3,2,13,0,5,0,16,2,1451088000
360,49,48,1,8,10,-2,17,17,0,25,22,3,11,0,11,36,32,4,Sunday,3.5,-1.7,95,81.0,102.08,39,3.6,3.6,0.0,0.0,8.95,7.0,31,5,2,14,0,8,0,15,2,1451174400
361,77,45,32,7,10,-3,15,16,-1,17,21,-4,9,0,9,31,25,6,Monday,0.2,-6.7,91,71.0,102.56,39,14.8,11.8,3.2,0.0,8.93,4.5,46,9,0,16,0,6,0,23,4,1451260800
362,60,42,18,10,12,-2,12,18,-6,20,20,0,8,0,8,24,30,-6,Tuesday,4.0,0.3,95,89.0,101.46,45,13.6,13.6,0.0,2.0,8.95,7.5,35,4,1,16,0,8,0,26,0,1451347200
363,42,41,1,6,11,-5,10,4,6,32,21,11,6,0,6,26,19,7,Wednesday,3.9,0.7,92,82.0,102.06,23,0.0,0.0,0.0,1.0,8.97,7.5,29,4,2,11,1,6,0,22,1,1451433600
364,36,45,-9,18,12,6,6,6,0,16,24,-8,12,0,12,28,24,4,Thursday,1.1,-0.3,90,77.0,101.95,30,0.2,0.2,0.0,0.0,8.98,8.0,39,10,1,19,0,5,1,24,3,1451520000
365,53,47,6,12,11,1,18,12,6,24,25,-1,17,0,17,35,26,9,Friday,-0.3,-4.2,84,74.5,101.63,35,0.8,0.0,0.8,0.0,8.98,5.5,133,6,3,13,0,8,1,20,7,1451606400
